ticker,n_obs_1m,n_obs_daily,mean_log_return_1m,std_log_return_1m,min_log_return_1m,max_log_return_1m,mean_log_return_1m_bps,std_log_return_1m_bps,min_log_return_1m_pct,max_log_return_1m_pct,mean_log_return_daily,std_log_return_daily,mean_log_return_daily_pct,std_log_return_daily_pct,ordinary_kurtosis_1m,excess_kurtosis_1m,log_ordinary_kurtosis_1m
XRP,568800,395,-7.935973101742987e-07,0.0010814741432917854,-0.07214815920729123,0.119894817674977,-0.007935973101742988,10.814741432917854,-7.214815920729123,11.9894817674977,-0.0011427801266509902,0.039144105389242644,-0.11427801266509902,3.9144105389242645,408.7313161924091,405.7313161924091,6.013058011545729
BTC,568800,395,-3.5962413134043645e-07,0.000604444505693656,-0.017867718151237,0.016542019824271392,-0.0035962413134043645,6.04444505693656,-1.7867718151237,1.6542019824271392,-0.0005178587491302285,0.02154742437982382,-0.05178587491302285,2.154742437982382,27.070035417919097,24.070035417919097,3.298427412008032
ETH,568800,395,-1.2182815732343973e-07,0.0009853613958393027,-0.02255082552189691,0.041438512931385674,-0.0012182815732343973,9.853613958393026,-2.255082552189691,4.143851293138567,-0.00017543254654575323,0.03615240414482859,-0.017543254654575322,3.615240414482859,35.26094809481274,32.26094809481274,3.5627760652869807
SOL,568800,395,-9.774325767582789e-07,0.0011426351257049256,-0.030052345066401642,0.050891607296389196,-0.00977432576758279,11.426351257049255,-3.0052345066401642,5.08916072963892,-0.0014075029105319215,0.0395432272155796,-0.14075029105319214,3.9543227215579604,34.96270690962204,31.962706909622042,3.5542819765548153
DOGE,568800,395,-1.3510840678652098e-06,0.002731862495894521,-0.055741983008235074,0.06744128079553313,-0.013510840678652098,27.31862495894521,-5.574198300823507,6.744128079553313,-0.0019455610577259023,0.04352626508175866,-0.19455610577259025,4.352626508175866,7.066769990280122,4.066769990280122,1.9554035141690225
AERGO,568800,395,-8.628729676130433e-07,0.002760750195004849,-0.1436155116911486,0.13849418196665209,-0.008628729676130433,27.607501950048487,-14.361551169114861,13.849418196665209,-0.0012425370733627824,0.0911469706282261,-0.12425370733627823,9.11469706282261,92.393687294501,89.393687294501,4.526058656990185
ADA,568800,395,-1.6308167313762602e-06,0.001516899978208512,-0.05098191341041236,0.0652822920904157,-0.0163081673137626,15.16899978208512,-5.098191341041236,6.5282292090415694,-0.002348376093181815,0.049823127592568565,-0.23483760931818148,4.982312759256857,48.021682839641876,45.021682839641876,3.871652634736368
AUCTION,568800,395,-2.025892738107097e-06,0.0019660285869482555,-0.09997577825967952,0.10241500542806925,-0.02025892738107097,19.660285869482554,-9.997577825967952,10.241500542806925,-0.0029172855428742195,0.06923076614832871,-0.29172855428742195,6.923076614832871,115.8374695020283,112.8374695020283,4.752188083630403
ONDO,568800,395,-2.281847740613284e-06,0.0015527094592494403,-0.06428698044953851,0.06938114561335862,-0.02281847740613284,15.527094592494404,-6.428698044953851,6.938114561335862,-0.003285860746483129,0.04376110333553597,-0.3285860746483129,4.376110333553597,39.18267412922043,36.18267412922043,3.6682346625921145
SUI,568800,395,-2.0329124583135654e-06,0.0014313375511373619,-0.04881472242776219,0.09490414662344726,-0.020329124583135655,14.313375511373618,-4.881472242776219,9.490414662344726,-0.0029273939399715346,0.04852562383934417,-0.29273939399715343,4.8525623839344165,78.41771669224289,75.41771669224289,4.362049880044514
VIRTUAL,568800,395,-8.930405497336982e-07,0.0021076184077911905,-0.06762675105590876,0.12517149616101086,-0.008930405497336983,21.076184077911904,-6.762675105590876,12.517149616101086,-0.0012859783916165254,0.07407470560278137,-0.12859783916165254,7.407470560278137,48.734662072311494,45.734662072311494,3.886390523781579
ARDR,568800,395,-7.696095355399225e-07,0.0026756853000214817,-0.08811452106178752,0.09873484068568938,-0.007696095355399225,26.756853000214818,-8.811452106178752,9.873484068568938,-0.0011082377311774883,0.05982605211219077,-0.11082377311774884,5.982605211219076,72.6586709012253,69.6586709012253,4.285772734597477
MOVE,568800,395,-5.599686195059066e-06,0.002439245289114912,-0.1117039895800005,0.0837698830654583,-0.055996861950590664,24.392452891149123,-11.17039895800005,8.37698830654583,-0.008063548120885054,0.05665021763945838,-0.8063548120885053,5.665021763945838,45.314032081200665,42.314032081200665,3.8136167434904866
AWE,568800,395,-1.4973602637482202e-06,0.002490874240946401,-0.07033383499851364,0.13858341580318445,-0.014973602637482201,24.90874240946401,-7.0333834998513645,13.858341580318445,-0.002156198779797437,0.054870596598629764,-0.2156198779797437,5.487059659862976,55.68424791492229,52.68424791492229,4.019697304691582
XLM,568800,395,-8.933629894438888e-07,0.0017157932179068672,-0.04527522206198764,0.06226076842773143,-0.008933629894438888,17.157932179068673,-4.527522206198764,6.226076842773143,-0.0012864427047992,0.037497276297575065,-0.12864427047992,3.7497276297575066,12.721815706913716,9.721815706913716,2.5433182919792072
AXS,568800,395,-2.067661913898979e-06,0.0016706051161794664,-0.09015109699429757,0.06869529671909547,-0.02067661913898979,16.706051161794665,-9.015109699429757,6.869529671909547,-0.0029774331560145297,0.05765155084031124,-0.29774331560145295,5.765155084031124,88.98555369720067,85.98555369720067,4.488474038548165
SNT,568800,395,-1.739427368046248e-06,0.0023371031660903885,-0.05931657715641947,0.15873480028625098,-0.01739427368046248,23.371031660903885,-5.931657715641947,15.873480028625098,-0.002504775409986597,0.052989621125032596,-0.2504775409986597,5.2989621125032595,99.2796842716746,96.2796842716746,4.597940960710741
QTUM,568800,395,-1.9550423798536936e-06,0.0013619447518299617,-0.05322857076836307,0.06499160259163617,-0.019550423798536935,13.619447518299618,-5.322857076836307,6.499160259163617,-0.002815261026989319,0.0391928280710354,-0.2815261026989319,3.91928280710354,84.71676636555179,81.71676636555179,4.439313532075006
ANIME,568800,395,-3.0357981308609302e-06,0.002595347800120982,-0.17881892624275286,0.1310282624064043,-0.030357981308609304,25.95347800120982,-17.881892624275288,13.10282624064043,-0.00437154930843974,0.060796987965333324,-0.43715493084397394,6.079698796533332,95.2248057157885,92.2248057157885,4.556240472097829
PUNDIX,568800,395,-1.5555812232280894e-06,0.0018389738073394707,-0.1556773976810577,0.15955695790202107,-0.015555812232280895,18.389738073394707,-15.56773976810577,15.955695790202107,-0.002240036961448449,0.04769478018719946,-0.2240036961448449,4.769478018719946,284.87541174307944,281.87541174307944,5.652051932911287
ARK,568800,395,-1.5468756383005685e-06,0.0018976429900174276,-0.08672097478053153,0.07908310679383579,-0.015468756383005685,18.976429900174274,-8.672097478053153,7.908310679383579,-0.0022275009191528184,0.04396524299742789,-0.22275009191528183,4.396524299742789,93.94929841636137,90.94929841636137,4.5427552582037185
ENS,568800,395,-2.3378426127255357e-06,0.0014255046060432793,-0.09123848043427074,0.09189274759103228,-0.023378426127255356,14.255046060432793,-9.123848043427074,9.189274759103228,-0.0033664933623247712,0.04326619798110292,-0.3366493362324771,4.326619798110292,132.96773170965523,129.96773170965523,4.890106480060673
LINK,568800,395,-9.004881852640154e-07,0.0013133791016497344,-0.04592451688710675,0.06505764618757404,-0.009004881852640154,13.133791016497344,-4.592451688710675,6.505764618757404,-0.0012967029867801821,0.041932235606037684,-0.12967029867801821,4.193223560603768,35.38986586938398,32.38986586938398,3.5664255042790955
CRO,568800,395,-2.4474927072096608e-08,0.00239994315864322,-0.08040042543803771,0.1512382583802232,-0.0002447492707209661,23.9994315864322,-8.040042543803771,15.12382583802232,-3.524389498381911e-05,0.04476617415987318,-0.0035243894983819114,4.476617415987318,67.58579188939062,64.58579188939062,4.213397781807159
HBAR,568800,395,-1.5158641185018975e-06,0.0022833973511808695,-0.05743204908587529,0.04580953603129423,-0.015158641185018976,22.833973511808694,-5.743204908587529,4.580953603129423,-0.0021828443306427326,0.042507747949120885,-0.21828443306427325,4.250774794912089,10.659216055626674,7.659216055626674,2.366424875285478
VANA,568800,395,-3.426106238702866e-06,0.0019240081498340122,-0.1378736164951171,0.40668984800405994,-0.03426106238702866,19.24008149834012,-13.787361649511709,40.668984800405994,-0.0049335929837321275,0.051826563083552865,-0.49335929837321274,5.182656308355287,3642.919913741123,3639.919913741123,8.200540813165802
SEI,568800,395,-2.734727406456803e-06,0.0023701682234777977,-0.07953315352238377,0.09309042306601167,-0.027347274064568033,23.701682234777977,-7.953315352238377,9.309042306601167,-0.003938007465297796,0.0468182472666967,-0.39380074652977964,4.68182472666967,17.46519755950347,14.46519755950347,2.860210189932778
STRAX,568800,395,-2.27201738788049e-06,0.002373529707928138,-0.11571563777303062,0.11846446668786292,-0.0227201738788049,23.73529707928138,-11.571563777303062,11.846446668786292,-0.0032717050385479055,0.04892201055951115,-0.3271705038547906,4.892201055951115,85.78410171350357,82.78410171350357,4.451833694610319
KNC,568800,395,-1.666959624626065e-06,0.0016149717255367023,-0.07378617005923171,0.09798040836020405,-0.016669596246260653,16.149717255367023,-7.3786170059231715,9.798040836020405,-0.002400421859461534,0.05251088900934714,-0.2400421859461534,5.251088900934714,173.32890488688736,170.32890488688736,5.155190973851493
ME,568800,395,-4.574461285885867e-06,0.0020241357071330455,-0.10996528204457423,0.062370330726458256,-0.04574461285885867,20.241357071330455,-10.996528204457423,6.237033072645826,-0.006587224251675648,0.04802474459084011,-0.6587224251675649,4.802474459084011,66.20337060021085,63.203370600210846,4.192731377057857
SHIB,568800,395,-1.451540723639283e-06,0.0031510034260875245,-0.03750439545845463,0.04367506350266215,-0.014515407236392832,31.510034260875244,-3.750439545845463,4.367506350266215,-0.0020902186420405674,0.03540479764342056,-0.20902186420405675,3.5404797643420562,6.198812385622349,3.1988123856223494,1.8243577229967936
CBK,568800,395,-1.5916521063369108e-06,0.0020895952574258967,-0.12780779246423712,0.11776943400786344,-0.015916521063369108,20.895952574258967,-12.780779246423712,11.776943400786344,-0.0022919790331251515,0.04487232559487098,-0.22919790331251516,4.487232559487098,109.3739962667322,106.3739962667322,4.694773167645793
AQT,568800,395,-1.7774009153167784e-06,0.0021906387015987886,-0.08230080267960194,0.06018413475648554,-0.017774009153167784,21.906387015987885,-8.230080267960194,6.018413475648554,-0.002559457318056161,0.04367004733444303,-0.2559457318056161,4.367004733444303,64.3588406376391,61.358840637639105,4.164474308252162
SAFE,568800,395,-2.992395330629895e-06,0.002172972744510724,-0.17759899783978117,0.24142559615165915,-0.029923953306298948,21.72972744510724,-17.759899783978117,24.142559615165915,-0.004309049276107048,0.04940586645209989,-0.4309049276107048,4.940586645209989,793.2479162496325,790.2479162496325,6.676135803607831
GLM,568800,395,-1.7365127909142025e-06,0.0017735324732898322,-0.09729891098679921,0.09365591970829801,-0.017365127909142027,17.735324732898324,-9.729891098679921,9.3655919708298,-0.0025005784189164517,0.03868026383289346,-0.25005784189164515,3.868026383289346,110.15536212760071,107.15536212760071,4.701891752295925
PEPE,568800,395,-1.479127449719937e-06,0.0025423818993380084,-0.09440968447107423,0.07502232759688354,-0.01479127449719937,25.423818993380085,-9.440968447107423,7.502232759688354,-0.002129943527596709,0.05602881880390038,-0.2129943527596709,5.602881880390038,15.762943594569812,12.762943594569812,2.7576618432944016
BONK,568800,395,-1.4532480083153264e-06,0.002463133368018765,-0.14911288579730142,0.12279557747992786,-0.014532480083153264,24.631333680187648,-14.911288579730142,12.279557747992786,-0.00209267713197407,0.06194539770206098,-0.209267713197407,6.194539770206098,49.63024098271206,46.63024098271206,3.9046003451731357
WAVES,568800,395,-2.2152585006270013e-06,0.0018080368029120078,-0.08405454455742589,0.1002660652682863,-0.022152585006270015,18.080368029120077,-8.40545445574259,10.02660652682863,-0.003189972240902882,0.03645529217337413,-0.3189972240902882,3.6455292173374128,117.58637439587507,114.58637439587507,4.767173164771123
MASK,568800,395,-2.9422793952947985e-06,0.0016406181204899296,-0.102242820225241,0.174129585879367,-0.029422793952947984,16.406181204899298,-10.2242820225241,17.4129585879367,-0.00423688232922451,0.05160171924553227,-0.42368823292245095,5.160171924553227,500.8449683517267,497.8449683517267,6.216296608789333
ATH,568800,395,-3.0221202048979094e-06,0.0025699364239354133,-0.09730932369446776,0.14272750034718218,-0.030221202048979094,25.699364239354132,-9.730932369446776,14.272750034718218,-0.004351853095052989,0.05890674723442562,-0.4351853095052989,5.890674723442562,78.04832824134965,75.04832824134965,4.357328227659015
TOKAMAK,568800,395,-1.6284125575374876e-06,0.0021836175559273954,-0.08569472110488263,0.09748553095754442,-0.016284125575374876,21.836175559273954,-8.569472110488263,9.748553095754442,-0.0023449140828539824,0.03695235165073623,-0.23449140828539825,3.695235165073623,89.8570754051172,86.8570754051172,4.498220356986372
CARV,568800,395,-3.703340390466482e-06,0.0024154462722946637,-0.20166919779174108,0.11663690372576063,-0.03703340390466482,24.154462722946636,-20.16691977917411,11.663690372576063,-0.005332810162271735,0.04732694458903564,-0.5332810162271735,4.732694458903564,168.81442993483898,165.81442993483898,5.128800063904154
MEW,568800,395,-2.6042177175592224e-06,0.0022005101736615245,-0.08076135664445849,0.0642664493089305,-0.026042177175592224,22.005101736615245,-8.07613566444585,6.426644930893049,-0.0037500735132852798,0.055173818872334746,-0.37500735132852797,5.517381887233475,29.712459706223573,26.712459706223573,3.391566476563342
MNT,568800,395,-2.344150996741402e-08,0.0015362911013129365,-0.07650222708836996,0.08107984166950732,-0.0002344150996741402,15.362911013129365,-7.650222708836996,8.107984166950732,-3.3755774353076186e-05,0.047814976054758415,-0.0033755774353076183,4.781497605475842,72.88845489723468,69.88845489723468,4.288930257436351
PYTH,568800,395,-2.941101030856763e-06,0.0022186418573273085,-0.11383514264879846,0.11599891386288164,-0.02941101030856763,22.186418573273084,-11.383514264879846,11.599891386288164,-0.004235185484433739,0.06284281366148617,-0.4235185484433739,6.284281366148617,61.31797906743317,58.31797906743317,4.116073096308414
SONIC,568800,395,-3.5623022250639435e-06,0.0024116107643471865,-0.10251556352559543,0.09236511826673155,-0.03562302225063944,24.116107643471864,-10.251556352559543,9.236511826673155,-0.005129715204092078,0.05084880930716656,-0.5129715204092078,5.084880930716656,71.15317471245434,68.15317471245434,4.26483494353275
GAS,568800,395,-1.2562853867327124e-06,0.0015366930533994043,-0.06085139554876129,0.07669553625290071,-0.012562853867327124,15.366930533994042,-6.085139554876129,7.669553625290071,-0.0018090509568951059,0.04220217549746905,-0.18090509568951058,4.220217549746905,117.18194237347927,114.18194237347927,4.763727789960482
AKT,568800,395,-2.0506174866684886e-06,0.002019360835972054,-0.09003265067149435,0.17768117723745291,-0.020506174866684886,20.193608359720542,-9.003265067149435,17.76811772374529,-0.002952889180802623,0.055037874077101465,-0.2952889180802623,5.5037874077101465,224.7391979857824,221.7391979857824,5.414940609842003
BIGTIME,568800,395,-3.0501608123444512e-06,0.0019405164852758596,-0.13976194237515882,0.1282862944883707,-0.03050160812344451,19.405164852758595,-13.976194237515882,12.82862944883707,-0.00439223156977601,0.049136612605289225,-0.439223156977601,4.913661260528922,166.84237569708185,163.84237569708185,5.117049508600908
DRIFT,568800,395,-4.136332734348201e-06,0.0024219315089658413,-0.1885183233314658,0.18502791839169763,-0.04136332734348201,24.219315089658412,-18.85183233314658,18.502791839169763,-0.005956319137461409,0.05820430524582874,-0.5956319137461409,5.820430524582874,188.57113814638498,185.57113814638498,5.23947532639111
