target_date,origin_date,adjusted_mspe,raw_mspe,mspe_delta_raw_minus_adjusted,adjusted_qlike,raw_qlike,qlike_delta_raw_minus_adjusted
2025-03-01,2025-02-28,0.007736326675969828,0.008891938396265155,0.0011556117202953268,-269.95374393194777,-270.5865033355022,-0.6327594035544166
2025-03-02,2025-03-01,0.00873229086361678,0.009087143612505809,0.00035485274888902817,-177.36830146033853,-173.1415125021588,4.226788958179725
2025-03-03,2025-03-02,0.006736205479032438,0.005297960227241091,-0.0014382452517913468,-245.91379206785754,-248.42192516104103,-2.5081330931834884
2025-03-04,2025-03-03,0.029391194399314233,0.025809520891047242,-0.0035816735082669915,-251.3424971949773,-249.88932149566983,1.4531756993074794
2025-03-05,2025-03-04,0.004340224628365778,0.006039114359025106,0.0016988897306593276,-285.21668079608605,-281.77000169652126,3.44667909956479
2025-03-06,2025-03-05,0.00398646808308301,0.005547894942782959,0.0015614268596999487,-278.2885994160636,-274.4927401070734,3.7958593089902024
2025-03-07,2025-03-06,0.0024942212313709467,0.0021688387012761988,-0.000325382530094748,-275.2680908183535,-272.3030532095498,2.9650376088037547
2025-03-08,2025-03-07,0.005847245126029958,0.007706764591286545,0.0018595194652565872,-294.7882906952554,-291.82663085339533,2.961659841860069
2025-03-09,2025-03-08,0.0029658599263503475,0.00415837902795747,0.0011925191016071224,-289.42117163141864,-286.22615432363403,3.1950173077846102
2025-03-10,2025-03-09,0.017763341455197278,0.015718289000865374,-0.002045052454331904,-263.5184258798946,-260.9718098343162,2.5466160455783893
2025-03-11,2025-03-10,0.019625935613171674,0.01751223511364001,-0.002113700499531662,-263.8392738006951,-261.5767451355902,2.262528665104867
2025-03-12,2025-03-11,0.0022132309759601795,0.002840653820450647,0.0006274228444904674,-278.0268399159621,-280.04328149157345,-2.0164415756113385
2025-03-13,2025-03-12,0.00552598527921422,0.006894019418474019,0.0013680341392597987,-284.08482686539566,-282.7556862993117,1.329140566083936
2025-03-14,2025-03-13,0.008928593769937064,0.010686723138256544,0.0017581293683194797,-293.4034228163596,-289.54195651638474,3.861466299974836
2025-03-15,2025-03-14,0.010162701334417493,0.011924186910560346,0.0017614855761428523,-297.0900228515364,-293.42610155615125,3.663921295385137
2025-03-16,2025-03-15,0.004827153463479556,0.00595518901066251,0.0011280355471829547,-293.76694043606494,-290.2747840894767,3.4921563465882173
2025-03-17,2025-03-16,0.006639950301734159,0.007784877597198984,0.001144927295464825,-278.9173627442883,-279.2381745980552,-0.3208118537668838
2025-03-18,2025-03-17,0.0073721155478081385,0.008440884632651992,0.001068769084843854,-232.19882853147539,-232.09384896611382,0.10497956536156039
2025-03-19,2025-03-18,0.00299455776925196,0.003774586823027847,0.0007800290537758872,-280.8228650660168,-279.13986987433736,1.6829951916794244
2025-03-20,2025-03-19,0.004469896160237038,0.0053927098744873,0.000922813714250262,-300.96131538608273,-297.5850401048245,3.376275281258245
2025-03-21,2025-03-20,0.00498964409484343,0.005805171709947255,0.0008155276151038254,-295.27983345960143,-292.35363872386733,2.9261947357341
2025-03-22,2025-03-21,0.01421221156008889,0.01480783600964396,0.0005956244495550697,-289.5075462426205,-287.68820918515297,1.8193370574675214
2025-03-23,2025-03-22,0.007097200681351865,0.007737313777284282,0.0006401130959324168,-287.43579522734075,-285.58712813074294,1.8486670965978078
2025-03-24,2025-03-23,0.0029957260129361675,0.0035591426149122205,0.000563416601976053,-288.4321674480734,-286.09898062215177,2.3331868259216435
2025-03-25,2025-03-24,0.003773689418992911,0.004324315070650716,0.0005506256516578049,-276.71178544132863,-275.00490241643297,1.7068830248956601
2025-03-26,2025-03-25,0.0021830179609157703,0.0025770421342647147,0.00039402417334894434,-256.3732932899806,-253.27174646144,3.10154682854062
2025-03-27,2025-03-26,0.004926950714774113,0.00517084422347418,0.00024389350870006668,-264.185213916663,-267.7477617302719,-3.562547813608944
2025-03-28,2025-03-27,0.0013286498924963528,0.0014076648966317839,7.901500413543113e-05,-292.7117683898558,-291.92148889624764,0.7902794936081818
2025-03-29,2025-03-28,0.0005823772771792712,0.0009005521164449637,0.0003181748392656925,-300.4000825226123,-297.13888877177556,3.2611937508367532
2025-03-30,2025-03-29,0.0005160373700404487,0.0007450855356160986,0.0002290481655756499,-306.2649128018156,-303.03252405998717,3.2323887418284585
2025-03-31,2025-03-30,0.001171291950004537,0.0011078777803678944,-6.341416963664254e-05,-287.32331552678215,-286.6550607422205,0.6682547845616682
2025-04-01,2025-03-31,0.0024483850021999876,0.0026232286677446946,0.00017484366554470707,-194.96211101525543,-227.75783724475747,-32.79572622950204
2025-04-02,2025-04-01,0.006853448232706753,0.006402528597236392,-0.0004509196354703614,-261.1802569979268,-261.64117771172687,-0.4609207138000784
2025-04-03,2025-04-02,0.001502480191212669,0.0015593000748776956,5.681988366502662e-05,-267.70032982068983,-268.26813661926235,-0.5678067985725193
2025-04-04,2025-04-03,0.000905313290268448,0.000916453823015743,1.1140532747295042e-05,-290.64561876290867,-289.53267711572744,1.1129416471812306
2025-04-05,2025-04-04,0.003577321882705206,0.004091829481928438,0.0005145075992232322,-299.53146617572867,-297.6923459735045,1.8391202022241941
2025-04-06,2025-04-05,0.006361460785823971,0.006248235628305439,-0.00011322515751853186,-218.63385960577756,-236.69172311405902,-18.057863508281457
2025-04-07,2025-04-06,0.12708943792467256,0.12464175225355617,-0.0024476856711163897,-180.99021883860695,-198.1551575415748,-17.164938702967845
2025-04-08,2025-04-07,0.013308671133615606,0.01278972955155568,-0.0005189415820599265,-229.11935851195642,-237.11875678694628,-7.999398274989858
2025-04-09,2025-04-08,0.023191342706892028,0.022631861632938774,-0.0005594810739532538,-112.35974057451406,-143.05195063133633,-30.692210056822262
2025-04-10,2025-04-09,0.00818801147274269,0.008115854149593735,-7.215732314895529e-05,-226.12149802500664,-232.22247670969927,-6.10097868469262
2025-04-11,2025-04-10,0.006606200299077743,0.0071629926594194235,0.0005567923603416805,-244.15911589975752,-244.76886429851032,-0.6097483987527994
2025-04-12,2025-04-11,0.005251439322972446,0.005945466356873695,0.0006940270339012488,-251.31731444137512,-252.2912861415007,-0.9739717001255883
2025-04-13,2025-04-12,0.001560177565582787,0.0019483609744567216,0.00038818340887393455,-279.1946835142773,-277.17265164263097,2.022031871646334
2025-04-14,2025-04-13,0.0023870637064311914,0.0026734608636758365,0.0002863971572446451,-257.14845971603404,-256.4874625309985,0.6609971850355123
2025-04-15,2025-04-14,0.011137971217617417,0.011297829662086423,0.00015985844446900557,-249.24325838765395,-251.90960425753772,-2.66634586988377
2025-04-16,2025-04-15,0.11213505777760598,0.1084638852307548,-0.0036711725468511758,-205.30398390548112,-217.11803883257338,-11.814054927092258
2025-04-17,2025-04-16,0.009932445030205236,0.009485900890887612,-0.0004465441393176235,-267.1133503129353,-267.8268352093597,-0.7134848964243474
2025-04-18,2025-04-17,0.004711254598978472,0.005568050931627159,0.0008567963326486872,-280.8713995576774,-278.7310525878606,2.1403469698168465
2025-04-19,2025-04-18,0.0051346315346141175,0.006214067227344517,0.0010794356927303992,-291.2701941265548,-288.2560634230365,3.014130703518333
2025-04-20,2025-04-19,0.0030463315004824886,0.003931650030490132,0.0008853185300076436,-288.8562263239458,-285.9010008733143,2.9552254506315307
2025-04-21,2025-04-20,0.0035165011486031554,0.0047287890976583525,0.001212287949055197,-290.5710498550353,-286.63380502483284,3.9372448302024736
2025-04-22,2025-04-21,0.0019304085013994074,0.0028910409979288902,0.0009606324965294828,-277.81734676431626,-274.1458153053042,3.6715314590120443
2025-04-23,2025-04-22,0.002206287175778681,0.0029015724177898117,0.0006952852420111307,-265.3880350675371,-263.7739684148224,1.6140666527147118
2025-04-24,2025-04-23,0.004977321584523393,0.005003134001607125,2.5812417083732192e-05,-273.211738189435,-270.9125986110785,2.29913957835646
2025-04-25,2025-04-24,0.002622914064832356,0.003265652147836174,0.0006427380830038177,-271.3163951812138,-268.63863501072615,2.677760170487659
2025-04-26,2025-04-25,0.002332462212899418,0.0031917563042614815,0.0008592940913620633,-278.4976201430119,-276.29541278191215,2.202207361099738
2025-04-27,2025-04-26,0.002069201503929362,0.0029159566830345915,0.0008467551791052296,-287.1813009935122,-283.2721688574268,3.909132136085418
2025-04-28,2025-04-27,0.0015875093481072925,0.002090371755416553,0.0005028624073092603,-272.4240059188504,-269.781997227289,2.6420086915613865
2025-04-29,2025-04-28,0.004640340013643478,0.0052656781852747706,0.000625338171631293,-244.1811991180781,-248.13645591320133,-3.9552567951232334
2025-04-30,2025-04-29,0.004376538713343153,0.004826665277316863,0.0004501265639737101,-251.24973395304582,-253.1038535160045,-1.8541195629586866
2025-05-01,2025-04-30,0.002607670620973981,0.0032347020821555965,0.0006270314611816156,-283.4809939139097,-280.55499633722604,2.925997576683642
2025-05-02,2025-05-01,0.002324629342345765,0.0028189292358532115,0.0004942998935074465,-286.8550026118817,-284.1068058390427,2.7481967728389805
2025-05-03,2025-05-02,0.0017468225492607886,0.0020017905197937816,0.000254967970532993,-290.77995987093095,-288.08285515074095,2.697104720189998
2025-05-04,2025-05-03,0.0014012550976564642,0.0017236024657455028,0.0003223473680890386,-291.20249477082814,-289.2189915293768,1.9835032414513307
2025-05-05,2025-05-04,0.0012253364037764945,0.0015578613149849142,0.00033252491120841976,-292.22409988297795,-289.82986207573816,2.39423780723979
2025-05-06,2025-05-05,0.003230557415529439,0.0033356074840411904,0.00010505006851175116,-280.5122929824639,-282.59342299745913,-2.0811300149952103
2025-05-07,2025-05-06,0.0014883554847797665,0.001781481186452234,0.0002931257016724675,-294.01936181012655,-291.66816082207913,2.351200988047424
2025-05-08,2025-05-07,0.0017982542851587972,0.0020121299789070467,0.00021387569374824947,-267.3651485565105,-266.80828971167955,0.5568588448309697
2025-05-09,2025-05-08,0.001813668251330055,0.002020710316829504,0.0002070420654994489,-233.053065628233,-231.20480801955273,1.848257608680285
2025-05-10,2025-05-09,0.0015749942355141322,0.001781205757980956,0.0002062115224668237,-265.5675500678762,-264.2992758913458,1.268274176530383
2025-05-11,2025-05-10,0.001506909717679733,0.0016437217288124456,0.00013681201113271264,-281.8648960374923,-280.24160653953686,1.6232894979554544
2025-05-12,2025-05-11,0.005593132099739962,0.005557122664683679,-3.600943505628271e-05,-249.97833813493747,-249.39135003574907,0.5869880991884031
2025-05-13,2025-05-12,0.0009622266917685661,0.0011278482890299656,0.00016562159726139954,-277.583098337729,-275.7788047015436,1.8042936361853776
2025-05-14,2025-05-13,0.0009608457350325525,0.0011610601901555688,0.0002002144551230163,-267.0153453095852,-268.8764053538486,-1.8610600442634109
2025-05-15,2025-05-14,0.007840459841122525,0.0077071509675290025,-0.00013330887359352256,-272.40214954311926,-273.76727505638576,-1.3651255132664915
2025-05-16,2025-05-15,0.0006115604756899767,0.0007589257614055353,0.00014736528571555863,-296.67686995187944,-294.2701283777837,2.406741574095747
2025-05-17,2025-05-16,0.0011129666622800248,0.001191573565011294,7.860690273126924e-05,-293.0299480296758,-291.22968514142264,1.800262888253144
2025-05-18,2025-05-17,0.0008709496556218537,0.0009635191699083051,9.256951428645145e-05,-302.37086294544554,-299.0517333834752,3.3191295619703283
2025-05-19,2025-05-18,0.00041419591058429814,0.0005007518332879172,8.655592270361906e-05,-296.2166322027083,-293.5079906345774,2.708641568130872
2025-05-20,2025-05-19,0.0008382167513769682,0.001019391095244307,0.00018117434386733878,-308.72725534597134,-305.07896175842956,3.6482935875417866
2025-05-21,2025-05-20,0.000578474062790056,0.0006801130609445155,0.00010163899815445951,-298.740158294309,-295.48668811152424,3.253470182784781
2025-05-22,2025-05-21,0.0015416171175170756,0.0017641272475280678,0.0002225101300109922,-299.2948459511619,-296.37150349805097,2.9233424531109335
2025-05-23,2025-05-22,0.0015758873172384187,0.0015565322783596396,-1.9355038878779082e-05,-283.9501169752732,-282.7010160917538,1.249100883519418
2025-05-24,2025-05-23,0.0017757100776362635,0.0021733354442538696,0.00039762536661760604,-308.7934177083737,-306.25304485035593,2.540372858017747
2025-05-25,2025-05-24,0.000679640821487892,0.0008641230111023439,0.00018448218961445188,-306.4072893477449,-304.06368374192436,2.343605605820528
2025-05-26,2025-05-25,0.0008927449208617254,0.001181697058592999,0.0002889521377312735,-315.681396799641,-312.66174308530293,3.0196537143380624
2025-05-27,2025-05-26,0.0006168904787803636,0.0008265826818231574,0.00020969220304279377,-309.43444878555164,-306.88938243779967,2.5450663477519697
2025-05-28,2025-05-27,0.0008182606972124554,0.0009951708935636641,0.0001769101963512087,-306.72072907239954,-304.86551681471656,1.8552122576829788
2025-05-29,2025-05-28,0.0006638656931489222,0.0008004145138879119,0.0001365488207389897,-307.2683027911554,-305.39548730062455,1.8728154905308543
2025-05-30,2025-05-29,0.005903725693221454,0.005593654399550167,-0.0003100712936712864,-264.21654291332,-267.2784261298824,-3.0618832165624212
2025-05-31,2025-05-30,0.0013131083119146821,0.0012577927659812322,-5.531554593344993e-05,-284.1536980260511,-283.6766564380708,0.4770415879802954
2025-06-01,2025-05-31,0.0017352901209368799,0.0018563807056353704,0.00012109058469849049,-302.9722197498577,-301.97023132368713,1.0019884261705556
2025-06-02,2025-06-01,0.004572025445426067,0.004722247527784408,0.00015022208235834084,-251.18492680197664,-260.02026113418077,-8.835334332204127
2025-06-03,2025-06-02,0.0015727162375492577,0.001778260065505716,0.00020554382795645826,-275.8597238213297,-275.0106642024217,0.8490596189079724
2025-06-04,2025-06-03,0.0007632525781167917,0.0008891544597323736,0.00012590188161558185,-309.39858051079716,-309.5342224800864,-0.13564196928922456
2025-06-05,2025-06-04,0.0014337782351897465,0.0013229513366364467,-0.00011082689855329976,-295.80818890305216,-295.01219284295826,0.7959960600938984
2025-06-06,2025-06-05,0.011119805648859536,0.010911280327504987,-0.0002085253213545482,-293.0750941588767,-294.954928337636,-1.8798341787592676
2025-06-07,2025-06-06,0.0027357753200187946,0.0029213440059808163,0.00018556868596202166,-314.8865374683424,-313.56909656274894,1.3174409055934575
2025-06-08,2025-06-07,0.0014204890832998785,0.001760682532237864,0.00034019344893798545,-323.41197907629504,-320.7273924169682,2.6845866593268397
2025-06-09,2025-06-08,0.0006234988984062196,0.0008570972830588617,0.0002335983846526421,-316.0455955685006,-313.9026531902766,2.1429423782239496
2025-06-10,2025-06-09,0.0003153075176499923,0.00042898371595717795,0.00011367619830718567,-307.74294646569075,-305.81116106147533,1.9317854042154181
2025-06-11,2025-06-10,0.0003340910185862783,0.00044385008727025664,0.00010975906868397834,-307.009744516767,-305.9196948839651,1.090049632801879
2025-06-12,2025-06-11,0.0004738843436115287,0.0005752980957097319,0.00010141375209820323,-309.6873698241202,-308.5230263339286,1.164343490191584
2025-06-13,2025-06-12,0.0011049517367163442,0.0011139962196858593,9.044482969515011e-06,-305.266910271956,-303.9828407551717,1.2840695167843137
2025-06-14,2025-06-13,0.0007141590461018054,0.0008986435441292017,0.0001844844980273963,-318.9642678254187,-317.3652846763415,1.5989831490771849
2025-06-15,2025-06-14,0.0006874336328448066,0.0009237730984468903,0.0002363394656020837,-328.2467734296705,-325.4820601607638,2.7647132689066893
2025-06-16,2025-06-15,0.00031536301892343284,0.00045907707189719583,0.000143714052973763,-316.3500701784249,-314.43911706408386,1.910953114341055
2025-06-17,2025-06-16,0.0004364347041898852,0.0005065041332785381,7.006942908865292e-05,-317.2096979817466,-315.5651516307727,1.6445463509739398
2025-06-18,2025-06-17,0.0004200245624095571,0.0004509262593405552,3.090169693099811e-05,-316.92200029032705,-315.5062876754569,1.415712614870131
2025-06-19,2025-06-18,0.0007047101648788083,0.0008962035609770163,0.000191493396098208,-326.22954781416774,-324.3528455903071,1.8767022238606614
2025-06-20,2025-06-19,0.0013296547578137332,0.0013106657622739383,-1.8988995539794863e-05,-297.3125104656596,-298.0635729423774,-0.7510624767177774
2025-06-21,2025-06-20,0.0013546465231012513,0.0013119690752319436,-4.267744786930769e-05,-301.1982163661732,-302.85093581524626,-1.6527194490730608
2025-06-22,2025-06-21,0.01082941732239234,0.010204635479079049,-0.0006247818433132903,-291.7143153672715,-291.18070705366574,0.5336083136057823
2025-06-23,2025-06-22,0.004933544273147544,0.0045358619347205895,-0.00039768233842695476,-285.1227883655856,-286.37506964631086,-1.2522812807252421
2025-06-24,2025-06-23,0.0011191280814420441,0.001350443003663964,0.00023131492222191997,-293.77453126925593,-293.79240362186727,-0.017872352611334463
2025-06-25,2025-06-24,0.000869024487920714,0.0010180957935632322,0.0001490713056425182,-304.6004062725512,-303.88033293851316,0.7200733340380339
2025-06-26,2025-06-25,0.0006058754776150741,0.0007428092533115285,0.00013693377569645444,-313.0401244017931,-311.5599293612204,1.4801950405727098
2025-06-27,2025-06-26,0.0004827213522323815,0.0006766303131394216,0.00019390896090704015,-324.08055917361645,-321.979579279462,2.1009798941544773
2025-06-28,2025-06-27,0.0015998002731780127,0.0019278417991456442,0.0003280415259676315,-329.54466159430314,-327.33176901097164,2.212892583331495
2025-06-29,2025-06-28,0.0011931920194458128,0.0014602173300414336,0.0002670253105956208,-320.58976705635604,-318.68575396758763,1.9040130887684086
2025-06-30,2025-06-29,0.0006674340840350727,0.0008967712767741514,0.00022933719273907874,-327.21052555356573,-325.17891419025625,2.03161136330948
2025-07-01,2025-06-30,0.0006945483419811142,0.0009136478579581732,0.00021909951597705898,-320.78851584704876,-319.01022641784806,1.7782894292006972
2025-07-02,2025-07-01,0.023051547442242536,0.022978604426213592,-7.294301602894446e-05,-179.69085155002838,-191.70117487084755,-12.010323320819168
2025-07-03,2025-07-02,0.0020093324414119556,0.0021490908552242284,0.00013975841381227289,-307.58459048317195,-305.8322492584545,1.7523412247174406
2025-07-04,2025-07-03,0.0009568150439922946,0.0010897320355119635,0.00013291699151966895,-264.05004516829877,-267.60595696667974,-3.5559117983809756
2025-07-05,2025-07-04,0.001122047235029855,0.0013262140089216235,0.00020416677389176836,-302.97890860185055,-302.13807877964086,0.8408298222096846
2025-07-06,2025-07-05,0.0007696305364205296,0.0009319198717719765,0.00016228933535144684,-310.46166449039316,-307.934970397911,2.5266940924821597
2025-07-07,2025-07-06,0.0005115981252654566,0.0006641056162124913,0.00015250749094703473,-308.01964910186126,-306.6837016420967,1.3359474597645544
2025-07-08,2025-07-07,0.0008546060232666062,0.0010331329820369806,0.00017852695877037432,-289.9973263766684,-288.60455408473786,1.3927722919305552
2025-07-09,2025-07-08,0.00048507151755489803,0.0006241885513811917,0.00013911703382629367,-297.5220804211601,-295.2156644296444,2.3064159915157347
2025-07-10,2025-07-09,0.0002714069767457267,0.00031949857680382485,4.809160005809815e-05,-301.92649704543186,-299.22961839843344,2.696878646998414
2025-07-11,2025-07-10,0.006388872456123374,0.006141970887607486,-0.0002469015685158879,-256.99548027263313,-257.50443319573316,-0.5089529231000256
2025-07-12,2025-07-11,0.08165622474765803,0.08129316102911387,-0.0003630637185441654,328.6927875184614,310.6573369233063,-18.035450595155112
2025-07-13,2025-07-12,0.002426337392813286,0.0026776901972232346,0.00025135280440994863,-187.12605673233702,-191.27151863758482,-4.1454619052477995
2025-07-14,2025-07-13,0.0011182178501243133,0.0012999980937217763,0.00018178024359746304,-267.227301640879,-265.37180257354123,1.855499067337746
2025-07-15,2025-07-14,0.003987005158222788,0.004012632010737242,2.5626852514453943e-05,-277.8526251836455,-276.2138895172798,1.638735666365676
2025-07-16,2025-07-15,0.0006499758260181986,0.0009426405268275069,0.00029266470080930825,-280.57138981906877,-276.42926658562357,4.142123233445204
2025-07-17,2025-07-16,0.0021050000562568647,0.0022185025150612825,0.00011350245880441777,-265.7040513399499,-263.0836925979966,2.6203587419532823
2025-07-18,2025-07-17,0.006258956966110241,0.00620602346534237,-5.2933500767870546e-05,-264.8796966790795,-263.95113133538615,0.9285653436933217
2025-07-19,2025-07-18,0.000690690851162143,0.000876685541997176,0.00018599469083503293,-291.85689401874134,-290.3257177909647,1.5311762277766547
2025-07-20,2025-07-19,0.000913660127478966,0.0009523493358958618,3.8689208416895784e-05,-281.0937116137807,-281.4457812907159,-0.352069676935173
2025-07-21,2025-07-20,0.001682235957517411,0.001849140038540733,0.000166904081023322,-251.31413291529753,-254.38584793590857,-3.0717150206110375
2025-07-22,2025-07-21,0.005559606431339078,0.005521726441028434,-3.7879990310644464e-05,-252.65624664528366,-254.39626453547817,-1.7400178901945083
2025-07-23,2025-07-22,0.008517698284280922,0.008346737307267389,-0.00017096097701353383,-240.46945708324773,-250.60655307844542,-10.137095995197683
2025-07-24,2025-07-23,0.01857449118648047,0.018270055698594682,-0.00030443548788578606,-290.4690752783473,-288.60029226674334,1.8687830116039663
2025-07-25,2025-07-24,0.0011111726263989374,0.0012480490582034856,0.00013687643180454825,-292.89048986993646,-290.9703243188288,1.9201655511076865
2025-07-26,2025-07-25,0.0028685626329904394,0.003211550957663478,0.0003429883246730387,-308.33637999459603,-303.9691979218197,4.367182072776302
2025-07-27,2025-07-26,0.002438704110614493,0.0027161210290868546,0.0002774169184723615,-289.4915780375571,-292.6244751437539,-3.132897106196822
2025-07-28,2025-07-27,0.001641810472974549,0.0016367800057613747,-5.030467213174234e-06,-301.88377079353756,-300.0062340727082,1.8775367208293687
2025-07-29,2025-07-28,0.00044467473272880167,0.0005343566504011889,8.968191767238723e-05,-301.41626008457865,-299.1609888130529,2.2552712715257712
2025-07-30,2025-07-29,0.0004744552090329199,0.0005863706979166616,0.00011191548888374173,-311.05800937190077,-306.76317606944866,4.294833302452105
2025-07-31,2025-07-30,0.0006936837723154567,0.0009108425114936276,0.000217158739178171,-317.08607614011527,-312.7938922846186,4.29218385549666
2025-08-01,2025-07-31,0.0033974466181826415,0.003368334941957983,-2.9111676224658368e-05,-313.97131451663114,-309.9155016930335,4.055812823597648
2025-08-02,2025-08-01,0.0002788151661650928,0.00037989186989589017,0.0001010767037307974,-317.83974996830466,-315.02928494908275,2.8104650192219083
2025-08-03,2025-08-02,0.0017884503136125643,0.0019739981051061,0.00018554779149353553,-319.5236560417104,-315.71231465552324,3.8113413861871663
2025-08-04,2025-08-03,0.0009162552668413131,0.0010806586215428694,0.00016440335470155635,-313.06223230102745,-310.0411983965153,3.0210339045121373
2025-08-05,2025-08-04,0.0005061974632495725,0.0006241385774435502,0.00011794111419397772,-305.0999493685009,-302.74324943572464,2.35669993277628
2025-08-06,2025-08-05,0.0005262606563344939,0.0006584697605345022,0.00013220910420000832,-321.16185953184504,-317.5516716696446,3.610187862200462
2025-08-07,2025-08-06,0.0012482983775406618,0.0014072579522118915,0.00015895957467122962,-309.05960623420356,-305.3795904415448,3.6800157926587644
2025-08-08,2025-08-07,0.0007644631011669203,0.0008910099430225153,0.00012654684185559506,-314.0153098660564,-310.53772873060825,3.4775811354481334
2025-08-09,2025-08-08,0.0008542874405293693,0.0009728781531061812,0.00011859071257681192,-313.96617628752745,-311.49472959758793,2.471446689939512
2025-08-10,2025-08-09,0.0001642996192793579,0.00020703741281319701,4.273779353383911e-05,-308.24192519511536,-305.94664890599216,2.295276289123194
2025-08-11,2025-08-10,0.00013376911157184584,0.0001817455642542875,4.7976452682441665e-05,-319.89957439767574,-316.64793237369463,3.2516420239811055
2025-08-12,2025-08-11,0.00022982413098720933,0.0003008767284678423,7.105259748063297e-05,-317.85079024463226,-314.1675291111257,3.683261133506562
2025-08-13,2025-08-12,0.0003372600643829366,0.0004395681410110607,0.00010230807662812405,-307.59409597396905,-305.0610418352535,2.5330541387155563
2025-08-14,2025-08-13,0.001310932614403747,0.0012053889407674608,-0.00010554367363628612,-285.4503558225724,-283.37303599057526,2.0773198319971584
2025-08-15,2025-08-14,0.0004386900666677613,0.000552257441890597,0.00011356737522283573,-302.08826612930994,-305.5019720494515,-3.413705920141581
2025-08-16,2025-08-15,0.0011952816526248997,0.0014925894504690482,0.0002973077978441485,-324.91325704165325,-321.7231902192489,3.190066822404333
2025-08-17,2025-08-16,0.0012045861819048565,0.0014959700604183182,0.0002913838785134617,-327.3987984794942,-323.8171048406639,3.581693638830302
2025-08-18,2025-08-17,0.0004299246211712145,0.00038558888786434245,-4.433573330687204e-05,-309.8165656610181,-310.14453783716533,-0.3279721761472274
2025-08-19,2025-08-18,0.0003984657755738842,0.00035024434804873354,-4.822142752515068e-05,-317.6404282303023,-317.1677276705039,0.47270055979839753
2025-08-20,2025-08-19,0.0003170184733203356,0.00027861005753266,-3.8408415787675586e-05,-320.7237292317731,-319.22222388407255,1.5015053477005722
2025-08-21,2025-08-20,0.0003840540859118343,0.0005041252290100922,0.00012007114309825788,-302.87730918953275,-308.1251684151291,-5.247859225596358
2025-08-22,2025-08-21,0.0003452335411669923,0.00028882351380310326,-5.641002736388905e-05,-314.5009711828597,-313.01583232949594,1.4851388533637646
2025-08-23,2025-08-22,0.0004271531118938661,0.0006844272795890174,0.0002572741676951514,-319.67922428590396,-317.93570073893926,1.7435235469646955
2025-08-24,2025-08-23,0.00039889802374108046,0.0004185892167566568,1.9691193015576353e-05,-310.0815313683534,-310.2924049605385,-0.21087359218506663
2025-08-25,2025-08-24,0.00024377291242330725,0.00024085199506664038,-2.9209173566668726e-06,-313.0488466896004,-311.8601347984236,1.1887118911768084
2025-08-26,2025-08-25,0.000993112691179798,0.0012087755455444014,0.0002156628543646033,-299.4672948737649,-299.53811067582865,-0.07081580206374838
2025-08-27,2025-08-26,0.001483521994908511,0.001497945988265549,1.4423993357037855e-05,-307.02837077037606,-312.2548867739484,-5.226516003572328
2025-08-28,2025-08-27,0.008099024533431424,0.007973129579198088,-0.0001258949542333361,-218.53322243643507,-220.44176796292044,-1.9085455264853692
2025-08-29,2025-08-28,0.0018013629989312666,0.001369595618501467,-0.00043176738042979964,-280.48950765139006,-283.9581335562717,-3.4686259048816623
2025-08-30,2025-08-29,0.0008906043219162353,0.0011209807172295654,0.00023037639531333005,-320.84664832703754,-319.17815422853323,1.6684940985043113
2025-08-31,2025-08-30,0.0009419865212419669,0.0013854112416928504,0.0004434247204508835,-309.0222292755606,-304.335212319629,4.687016955931597
2025-09-01,2025-08-31,0.00025957686138069005,0.0003150989330677642,5.552207168707415e-05,-322.5311353634101,-319.87936987175135,2.6517654916587503
2025-09-02,2025-09-01,0.00021951412807072105,0.00039906863106320656,0.0001795545029924855,-316.62014149339683,-314.33716672123,2.282974772166824
2025-09-03,2025-09-02,0.0007094646876564,0.0010511924213365853,0.0003417277336801853,-326.3519099863484,-323.00898562691117,3.3429243594372338
2025-09-04,2025-09-03,0.0006957561974797445,0.0010224595628445196,0.000326703365364775,-332.5191796919675,-329.3179877728543,3.201191919113228
2025-09-05,2025-09-04,0.0004771509442731941,0.0007396152474999938,0.0002624643032267997,-328.133744748621,-324.6339092671802,3.4998354814408117
2025-09-06,2025-09-05,0.00097846326110094,0.0012701063643420958,0.0002916431032411557,-339.21434223270563,-336.1153603560735,3.0989818766321378
2025-09-07,2025-09-06,0.0009869737520173231,0.0013047060600601592,0.00031773230804283607,-338.9864678669767,-335.12857200469875,3.8578958622779282
2025-09-08,2025-09-07,0.0010041977977264377,0.0011989296242357092,0.00019473182650927147,-279.66528376389294,-279.33080184874336,0.33448191514958125
2025-09-09,2025-09-08,0.0003424625266222717,0.00043968113032146746,9.721860369919577e-05,-300.7920967308103,-301.31373930016525,-0.5216425693549809
2025-09-10,2025-09-09,0.0003563375169677641,0.0004756604736742087,0.00011932295670644464,-312.7292483399841,-311.04058690398944,1.6886614359946748
2025-09-11,2025-09-10,0.0006288769133927255,0.0007555389847764627,0.00012666207138373718,-307.60766905458996,-306.62320130782507,0.9844677467648921
2025-09-12,2025-09-11,0.0009085720049290044,0.001024826937256507,0.00011625493232750252,-295.62312265393257,-294.8699568665876,0.7531657873449831
2025-09-13,2025-09-12,0.0002878682402205953,0.0003650646825605802,7.719644233998492e-05,-311.03387157967063,-308.54442395219803,2.4894476274726003
2025-09-14,2025-09-13,0.0005701572179357905,0.0005861570038078771,1.5999785872086638e-05,-310.4511613309817,-310.21696589080443,0.23419544017724547
2025-09-15,2025-09-14,0.00027185277417028436,0.00024235354337801498,-2.949923079226938e-05,-321.9829128348319,-320.73295268331077,1.2499601515211225
2025-09-16,2025-09-15,0.00032444206288576466,0.00041356734469339,8.912528180762532e-05,-326.69279163753566,-324.44332504817567,2.249466589359997
2025-09-17,2025-09-16,0.0004543457747335248,0.000428008215770432,-2.63375589630928e-05,-326.8225017911119,-324.5108299533599,2.3116718377519874
2025-09-18,2025-09-17,0.0004057035069842038,0.0004871663516820521,8.146284469784832e-05,-330.12143618433834,-327.94294816913316,2.1784880152051755
2025-09-19,2025-09-18,0.00014517551669051296,0.00016525187075724273,2.0076354066729768e-05,-337.4554776097034,-334.79777661536485,2.6577009943385406
2025-09-20,2025-09-19,0.00035080477087775846,0.0004381335993556295,8.732882847787107e-05,-341.17691734854344,-338.2983804825371,2.878536866006357
2025-09-21,2025-09-20,0.0008010217374579094,0.0008831897056858618,8.216796822795242e-05,-255.94156317818124,-260.45000919297496,-4.508446014793719
2025-09-22,2025-09-21,0.0012745179362031326,0.001220583998039784,-5.393393816334859e-05,-272.63772083566016,-273.48905808378953,-0.8513372481293686
2025-09-23,2025-09-22,0.0005805870760857027,0.0004846574544799493,-9.592962160575333e-05,-313.9568894058466,-315.09322736293507,-1.1363379570884717
2025-09-24,2025-09-23,0.0002147651990860165,0.0002285679827666951,1.3802783680678607e-05,-324.38067691415836,-323.5634889501093,0.8171879640490829
2025-09-25,2025-09-24,0.0023525851172081645,0.002119142066243331,-0.00023344305096483333,-274.27891690847946,-282.1413060231265,-7.862389114647044
2025-09-26,2025-09-25,0.0014574616399070598,0.0012581091338249714,-0.00019935250608208843,-318.04251218719986,-317.68973311181315,0.3527790753867066
2025-09-27,2025-09-26,0.00046402912487963677,0.0006285292025626287,0.00016450007768299197,-329.4860649208323,-328.15753769182544,1.328527229006852
2025-09-28,2025-09-27,0.0003450317489603139,0.0004892640054513272,0.00014423225649101332,-339.22726745674487,-336.9799516720893,2.247315784655541
2025-09-29,2025-09-28,0.00014897385503513858,0.0001524917958536863,3.5179408185477155e-06,-323.7672356990694,-322.8648320702829,0.9024036287864874
2025-09-30,2025-09-29,0.00017917056310317252,0.0002587737367898903,7.960317368671776e-05,-317.1737953494169,-317.0620715759495,0.11172377346736084
2025-10-01,2025-09-30,0.00014469285863459607,0.0002143747222132776,6.968186357868153e-05,-323.5961699237854,-322.06295046959906,1.5332194541863373
2025-10-02,2025-10-01,0.00011378432236734145,0.0001846311858922024,7.084686352486094e-05,-328.39857546042634,-326.4320923451603,1.966483115266044
2025-10-03,2025-10-02,0.00010661736406238913,0.00013606842593440047,2.945106187201134e-05,-333.0777359221169,-330.9962654791817,2.081470442935199
2025-10-04,2025-10-03,0.00023064072485576466,0.00032786539459757775,9.722466974181309e-05,-337.78723610823863,-335.9984692667561,1.788766841482527
2025-10-05,2025-10-04,0.00011603583193107047,0.0001711859601548397,5.515012822376922e-05,-336.6166867546924,-334.6664314581145,1.9502552965778932
2025-10-06,2025-10-05,0.0002600688848036636,0.0003793312398229709,0.00011926235501930727,-333.8969726266457,-331.9192532439346,1.9777193827111432
2025-10-07,2025-10-06,0.0002262888934917162,0.00022142074799607359,-4.868145495642601e-06,-334.7145070594995,-333.3332569615142,1.381250097985287
2025-10-08,2025-10-07,0.00015990074164864604,0.00022705889020607707,6.715814855743103e-05,-327.54275223771384,-326.829077344933,0.7136748927808299
2025-10-09,2025-10-08,0.0002843447800219307,0.0003419487358353554,5.76039558134247e-05,-309.711897266874,-311.5648055387085,-1.852908271834508
2025-10-10,2025-10-09,0.1982061532916488,0.19636265361094865,-0.0018434996807001613,283.98759002314017,250.7211331723243,-33.26645685081587
2025-10-11,2025-10-10,0.02794468149362847,0.01593323074827993,-0.01201145074534854,-212.57623538455903,-209.22925422176013,3.3469811627988975
2025-10-12,2025-10-11,0.0025058338989157073,0.0028341322057123947,0.0003282983067966873,-284.1337707989158,-280.6938896586694,3.4398811402464275
2025-10-13,2025-10-12,0.0003900423242003348,0.00455774096922831,0.004167698645027975,-294.54274410621116,-292.27727697494123,2.2654671312699293
2025-10-14,2025-10-13,0.0014818968255272777,0.0021172444515104483,0.0006353476259831705,-303.3574430191657,-302.60015704222263,0.7572859769430806
2025-10-15,2025-10-14,0.0006587846885958584,0.005219041587608679,0.004560256899012821,-318.2821654554304,-316.6096263798224,1.6725390756080287
2025-10-16,2025-10-15,0.0007759259034390487,0.001677032753287802,0.0009011068498487534,-309.83436192797154,-308.47698200301664,1.3573799249548983
2025-10-17,2025-10-16,0.005254378038058158,0.0019345613564209607,-0.003319816681637197,-299.03750351643384,-297.3457893209751,1.6917141954587578
2025-10-18,2025-10-17,0.0016850864637124353,0.006561696438760453,0.004876609975048018,-314.7391892825223,-313.2617339922545,1.4774552902678124
2025-10-19,2025-10-18,0.0010504991708976193,0.004754703858324667,0.003704204687427048,-299.41136057440934,-297.11266925683987,2.298691317569478
2025-10-20,2025-10-19,0.002985577087045251,0.0064329520073771185,0.0034473749203318676,-269.26118055597885,-277.7607812360817,-8.499600680102844
2025-10-21,2025-10-20,0.0005195693079743751,0.0011197064885674012,0.0006001371805930261,-306.80933174391635,-305.6943443622326,1.1149873816837612
2025-10-22,2025-10-21,0.0006610904632243981,0.002891459928035141,0.0022303694648107427,-316.3448955586182,-315.74862286397405,0.5962726946441421
2025-10-23,2025-10-22,0.0015824324703050305,0.004870246141068584,0.0032878136707635533,-319.7399865546847,-318.3144128693691,1.4255736853156122
2025-10-24,2025-10-23,0.0012074059751677733,0.003771028325256885,0.0025636223500891116,-314.2139865323072,-311.4434803894209,2.7705061428862905
2025-10-25,2025-10-24,0.0030900365064619904,0.006470999379395428,0.0033809628729334377,-322.5231760163313,-320.1956704545036,2.3275055618277065
2025-10-26,2025-10-25,0.002758550763067029,0.0052956828671571945,0.0025371321040901654,-271.3582515396803,-269.73499032904226,1.6232612106380202
2025-10-27,2025-10-26,0.0014666134598820305,0.0031495258115535204,0.0016829123516714898,-272.0288816114751,-274.9150327952598,-2.8861511837847047
2025-10-28,2025-10-27,0.0011082382757219992,0.0022250620290321637,0.0011168237533101645,-265.83722330629325,-261.73623038879873,4.100992917494523
2025-10-29,2025-10-28,0.00024087660316033445,0.0011578075789303935,0.000916930975770059,-310.47589806880933,-308.1810763142374,2.294821754571956
2025-10-30,2025-10-29,0.0002946556766936122,0.0004979860296428188,0.00020333035294920658,-298.02589686007065,-297.35913347621204,0.6667633838586084
2025-10-31,2025-10-30,0.0005101520065650864,0.0015411192477230175,0.0010309672411579311,-305.800376555261,-303.7500526012893,2.050323953971656
2025-11-01,2025-10-31,0.001688023767914275,0.0030216791511142784,0.0013336553832000034,-313.60953140396265,-312.4511374312215,1.1583939727411234
2025-11-02,2025-11-01,0.0007541885783266397,0.0016710093784179883,0.0009168208000913487,-313.270381799298,-312.25965321216046,1.0107285871375211
2025-11-03,2025-11-02,0.005556195829990033,0.0037926281843866042,-0.001763567645603429,-266.2853422865589,-267.2283177615128,-0.9429754749539256
2025-11-04,2025-11-03,0.0924843778056802,0.08382096126280837,-0.008663416542871824,-236.33782573718577,-235.19601035279334,1.1418153843924301
2025-11-05,2025-11-04,0.004326749375027073,0.002940490391301084,-0.0013862589837259891,-294.1139572025363,-292.50056041168216,1.6133967908541536
2025-11-06,2025-11-05,0.0041164571602700355,0.00431130037820742,0.00019484321793738438,-232.7129272743723,-233.19597877049338,-0.4830514961210781
2025-11-07,2025-11-06,0.004568325767849615,0.0030827044525630126,-0.0014856213152866027,-280.48298613357423,-279.54762988949443,0.9353562440797987
2025-11-08,2025-11-07,0.0004981328833438502,0.0010810066647149452,0.000582873781371095,-293.9744464441341,-292.3618157389134,1.612630705220738
2025-11-09,2025-11-08,0.0004213029434352949,0.0009383426921130888,0.000517039748677794,-301.19521060950007,-300.76642154503486,0.4287890644652066
2025-11-10,2025-11-09,0.0003711838326331387,0.0008576032241946785,0.00048641939156153984,-302.9080803072026,-301.23110531651866,1.6769749906839593
2025-11-11,2025-11-10,0.0029106080841936016,0.003461240715598414,0.0005506326314048122,-251.11317413860024,-252.62568863832067,-1.5125144997204245
2025-11-12,2025-11-11,0.000630104499613802,0.0010756023085806514,0.00044549780896684945,-291.38083021825526,-290.9886204842792,0.39220973397607395
2025-11-13,2025-11-12,0.0004899215950504973,0.0007017388701388671,0.00021181727508836983,-298.2874394889883,-296.8767302415525,1.4107092474358183
2025-11-14,2025-11-13,0.0028104952052509127,0.0020517683324680577,-0.000758726872782855,-295.72953422053064,-295.1526603489231,0.5768738716075177
2025-11-15,2025-11-14,0.002165745452067951,0.0031436950297215357,0.0009779495776535848,-319.07120731339353,-316.7763019956989,2.2949053176946563
2025-11-16,2025-11-15,0.0008349451727806688,0.0009766142586133887,0.00014166908583271992,-299.39184922773893,-298.70057831220345,0.6912709155354833
2025-11-17,2025-11-16,0.0009007012808145516,0.0008184287930806035,-8.227248773394805e-05,-297.3379764713416,-296.21781846680426,1.120158004537359
2025-11-18,2025-11-17,0.0008532479621301042,0.0006930277497234378,-0.00016022021240666645,-299.5756610342709,-297.9133282334033,1.6623328008676026
2025-11-19,2025-11-18,0.000463622373247675,0.0003562184480781494,-0.00010740392516952563,-309.218721891957,-307.4992156789348,1.719506213022214
2025-11-20,2025-11-19,0.0003051765765737022,0.00031443457616254654,9.257999588844351e-06,-292.32195236216904,-290.88268517601244,1.4392671861565987
2025-11-21,2025-11-20,0.029961159513530154,0.0276049795789641,-0.002356179934566053,-260.10803362606396,-261.8862958662786,-1.7782622402146444
2025-11-22,2025-11-21,0.0011689220664860317,0.0014622131930998195,0.0002932911266137878,-276.7228523358958,-278.97545210034025,-2.252599764444426
2025-11-23,2025-11-22,0.0031380579778699036,0.0035529589805089424,0.0004149010026390388,-265.83759755033674,-270.89643388875254,-5.0588363384158015
2025-11-24,2025-11-23,0.0017437387917278665,0.002120064690837035,0.0003763258991091687,-279.124493531049,-281.4320260007778,-2.3075324697288124
2025-11-25,2025-11-24,0.0015853708968418647,0.002067455638902683,0.0004820847420608184,-292.1476433091092,-291.3799199970414,0.7677233120678011
2025-11-26,2025-11-25,0.0027034389418558137,0.003407495512934687,0.0007040565710788732,-306.6502256372941,-304.38524807916036,2.264977558133751
2025-11-27,2025-11-26,0.0060978883583856485,0.006700385295564087,0.0006024969371784383,-213.1185217664798,-217.53864082981005,-4.420119063330247
2025-11-28,2025-11-27,0.004047612946477341,0.004489353813558727,0.0004417408670813862,-238.4045071469269,-246.60737824635865,-8.202871099431746
2025-11-29,2025-11-28,0.003991215762924092,0.004709418548922991,0.000718202785998899,-279.7670852047192,-281.3745436272606,-1.6074584225414128
2025-11-30,2025-11-29,0.003010427193536865,0.0035764505819856456,0.0005660233884487807,-282.4204165150104,-282.9116908930479,-0.491274378037474
2025-12-01,2025-11-30,0.0006164273292099348,0.0006259092811954033,9.481951985468523e-06,-273.4312680029911,-273.120977499406,0.3102905035850654
2025-12-02,2025-12-01,0.0007830730695305449,0.0009289025050912831,0.0001458294355607383,-276.07777686555266,-275.89583060129627,0.18194626425639626
2025-12-03,2025-12-02,0.001138217303849723,0.0015142313805555105,0.0003760140767057876,-290.381578110076,-288.2637661580991,2.1178119519769325
2025-12-04,2025-12-03,0.0011263424538130872,0.0015676780983279602,0.00044133564451487306,-307.7990598752283,-305.02263929444973,2.776420580778563
2025-12-05,2025-12-04,0.0003020063443426082,0.0003794200243254217,7.741367998281352e-05,-300.3607219745934,-299.1032000515287,1.2575219230647008
2025-12-06,2025-12-05,0.0022252153566791693,0.00274623068932639,0.0005210153326472206,-310.58171182065325,-308.11146712940365,2.4702446912496043
2025-12-07,2025-12-06,0.0006397991863509544,0.0006492743489964692,9.475162645514786e-06,-299.03858435608214,-297.9093261019443,1.1292582541378238
2025-12-08,2025-12-07,0.0010000878093472613,0.0013419400801022241,0.00034185227075496285,-305.2946346675855,-302.0165413652421,3.278093302343393
2025-12-09,2025-12-08,0.000317497806967375,0.0004168519984738665,9.93541915064915e-05,-303.8093918046119,-300.93971969137726,2.8696721132346283
2025-12-10,2025-12-09,0.0005875654942794535,0.0008303697023007967,0.0002428042080213432,-306.52567231958795,-303.56040296243646,2.9652693571514988
2025-12-11,2025-12-10,0.00032026515989998125,0.0004886601534348028,0.0001683949935348215,-307.4372534936337,-305.1657289854388,2.2715245081948865
2025-12-12,2025-12-11,0.0003106347759781213,0.0004416408567274616,0.0001310060807493403,-309.74946602660424,-307.50505138590415,2.244414640700086
2025-12-13,2025-12-12,0.002689343799103067,0.0030453151029920878,0.0003559713038890208,-261.21742047081216,-261.7729060058938,-0.5554855350816297
2025-12-14,2025-12-13,0.0016712782776903516,0.0019459416629948238,0.0002746633853044722,-300.86660300233626,-299.6057396168952,1.2608633854410414
2025-12-15,2025-12-14,0.00028890022557077563,0.0003017609615662966,1.2860735995520994e-05,-296.73248252116923,-295.9580434921166,0.774439029052644
2025-12-16,2025-12-15,0.0004536463235426221,0.0005201714089230287,6.652508538040663e-05,-298.16911977153114,-297.5790904314349,0.5900293400962369
2025-12-17,2025-12-16,0.001361335127916329,0.0012042704837030393,-0.00015706464421328965,-292.1734902374915,-291.30299834785313,0.8704918896383447
2025-12-18,2025-12-17,0.0011822684934326513,0.0010048080513773343,-0.000177460442055317,-293.4018417156082,-291.9722102510166,1.4296314645916368
2025-12-19,2025-12-18,0.000649900552403646,0.0005863882816614838,-6.351227074216214e-05,-297.1501629296457,-296.46715295518817,0.6830099744575477
2025-12-20,2025-12-19,0.007537770269709442,0.007910187660142256,0.00037241739043281357,-275.1081623015531,-280.89463926193446,-5.786476960381378
2025-12-21,2025-12-20,0.000758911495624432,0.0009726112209407047,0.00021369972531627267,-294.6719718022505,-294.88342701863485,-0.21145521638436549
2025-12-22,2025-12-21,0.0012941154824193998,0.0015055791696506212,0.00021146368723122142,-307.85290957782195,-305.47411870992806,2.3787908678938834
2025-12-23,2025-12-22,0.0009553822869675177,0.0011521865471500756,0.00019680426018255787,-309.14971903245294,-307.7416053073307,1.4081137251222344
2025-12-24,2025-12-23,0.0012552041122957484,0.0015555164477842798,0.00030031233548853133,-308.74973175002907,-307.6626129200601,1.087118829968972
2025-12-25,2025-12-24,0.0006243030356873767,0.0008509914549167594,0.00022668841922938272,-308.6882578333934,-307.1483777325475,1.5398801008458918
2025-12-26,2025-12-25,0.0003931848282104621,0.000578859372069187,0.0001856745438587249,-315.0676568055653,-312.44733393604963,2.6203228695156895
2025-12-27,2025-12-26,0.0011534084014298166,0.0014923291502984617,0.0003389207488686452,-282.1229174205988,-282.22877378713804,-0.10585636653922847
2025-12-28,2025-12-27,0.001302669381896215,0.0016128849072648615,0.00031021552536864656,-287.0981176085206,-289.5905501019431,-2.492432493422484
2025-12-29,2025-12-28,0.004928612618971603,0.004776560798242759,-0.00015205182072884366,-270.9130457185403,-283.2204215017681,-12.307375783227826
2025-12-30,2025-12-29,0.0006956679812751159,0.0009098384798211767,0.00021417049854606073,-309.3503795888671,-307.85686853843885,1.4935110504282534
2025-12-31,2025-12-30,0.0013725510224665248,0.001615542649534444,0.0002429916270679192,-271.5259199305123,-279.17808482046763,-7.652164889955316
2026-01-01,2025-12-31,0.001325138502052917,0.0015292356614462989,0.00020409715939338183,-298.0650711490339,-296.8184064190947,1.246664729939198
2026-01-02,2026-01-01,0.000692635366360481,0.000726851198779812,3.421583241933093e-05,-280.93294561826207,-277.94234820133335,2.990597416928722
2026-01-03,2026-01-02,0.00027870571426080726,0.00036893763096948647,9.02319167086792e-05,-302.82598018335386,-299.9071781875323,2.918801995821582
2026-01-04,2026-01-03,0.0006336503892994878,0.0007303247478268851,9.667435852739738e-05,-293.35671217223387,-290.6021139051033,2.754598267130575
2026-01-05,2026-01-04,0.0006370149463801269,0.0006311122441989278,-5.902702181199157e-06,-273.1279906768042,-270.49666926576924,2.6313214110349463
2026-01-06,2026-01-05,0.001428058899615678,0.001323514508459077,-0.00010454439115660107,-285.65018636610205,-283.1808079592542,2.469378406847852
2026-01-07,2026-01-06,0.002437105975741161,0.002346527468822618,-9.057850691854274e-05,-261.61201159806717,-267.53817682999977,-5.9261652319326
2026-01-08,2026-01-07,0.001001946118254125,0.0008798462241181133,-0.00012209989413601162,-291.31941841694663,-291.0983371818791,0.22108123506751554
2026-01-09,2026-01-08,0.00029910618705428807,0.0003193658910605195,2.0259704006231414e-05,-305.5122398659879,-303.6690317295299,1.8432081364580313
2026-01-10,2026-01-09,0.0010428898233282515,0.0012576103074197547,0.00021472048409150327,-304.8322801010933,-302.5219288938655,2.310351207227825
2026-01-11,2026-01-10,0.00046766797213107264,0.0006204468102580568,0.00015277883812698416,-319.3349551596025,-316.5538808398469,2.7810743197555894
2026-01-12,2026-01-11,0.0002869364657892544,0.0002853353572718622,-1.6011085173921755e-06,-317.1791627154879,-314.53104509543596,2.6481176200519485
2026-01-13,2026-01-12,0.0004196647828947034,0.00045157986176205117,3.191507886734775e-05,-282.85045710899334,-281.98903241760655,0.8614246913867873
2026-01-14,2026-01-13,0.0005829538107517099,0.0006426020175849108,5.9648206833200885e-05,-266.5266854222268,-276.16222241512304,-9.63553699289622
2026-01-15,2026-01-14,0.0005064490931296817,0.000512720351061118,6.2712579314363765e-06,-299.9511130902823,-300.88347659093716,-0.9323635006548443
2026-01-16,2026-01-15,0.0005232105130961779,0.0005520600689936264,2.884955589744847e-05,-305.3316559258564,-307.4091432532306,-2.077487327374172
2026-01-17,2026-01-16,0.003044099337185558,0.003088943748486982,4.4844411301423956e-05,-295.8635140463716,-298.52311824627986,-2.6596041999082445
2026-01-18,2026-01-17,0.0034205011030515094,0.0034060496889105896,-1.4451414140919869e-05,-267.0017253355725,-269.4443450939778,-2.4426197584053284
2026-01-19,2026-01-18,0.0004726423604505618,0.0005011234797108704,2.848111926030862e-05,-302.0657996772667,-301.8062021877475,0.25959748951919437
2026-01-20,2026-01-19,0.0005821338478555964,0.0005725828794459482,-9.550968409648142e-06,-301.48778295136407,-300.7200244101758,0.7677585411882433
2026-01-21,2026-01-20,0.004585186115043247,0.004286245968177985,-0.0002989401468652623,-286.7059853608263,-287.26213549212423,-0.5561501312979544
2026-01-22,2026-01-21,0.0003312705921177856,0.0004258030068329204,9.453241471513477e-05,-311.1220025663353,-309.47129677920105,1.6507057871342568
2026-01-23,2026-01-22,0.000313611075052161,0.00034754078258741774,3.392970753525676e-05,-310.5273233295987,-308.9286400996119,1.5986832299867615
2026-01-24,2026-01-23,0.00095105232599433,0.0011249474305532403,0.00017389510455891022,-319.5196888309953,-317.40659104470285,2.1130977862924283
2026-01-25,2026-01-24,0.01764877445539388,0.017602370918467274,-4.640353692660776e-05,-137.93486406925754,-159.03054199828173,-21.09567792902419
2026-01-26,2026-01-25,0.0013700315404430996,0.0013134645396304333,-5.656700081266633e-05,-291.3927188083057,-292.1623280168558,-0.7696092085500936
2026-01-27,2026-01-26,0.0003858294191252575,0.00042262802908096716,3.6798609955709634e-05,-283.78199338670066,-284.6116683412202,-0.8296749545195325
2026-01-28,2026-01-27,0.00036005475362929195,0.00047949242778524195,0.00011943767415594999,-309.0577566250284,-306.57013466226994,2.4876219627584533
2026-01-29,2026-01-28,0.0006293567823968011,0.0005848984885729474,-4.4458293823853635e-05,-294.98759339852097,-293.96162827090984,1.02596512761113
2026-01-30,2026-01-29,0.003783421980457762,0.0035054932994360456,-0.00027792868102171665,-298.79661033132334,-297.4934688972777,1.3031414340456422
2026-01-31,2026-01-30,0.026125327340518943,0.025488948307598486,-0.0006363790329204574,-153.4317155944803,-165.4134943805097,-11.981778786029395
2026-02-01,2026-01-31,0.03882849308215728,0.03817104119935388,-0.0006574518828033962,-66.90430919105944,-79.86759271595855,-12.963283524899111
2026-02-02,2026-02-01,0.009840880440477137,0.009293900842749617,-0.0005469795977275198,-268.2218608662722,-268.3490584048321,-0.12719753855986937
2026-02-03,2026-02-02,0.009348011709271919,0.008860549689670568,-0.00048746201960135106,-261.1081512811737,-260.690084244072,0.41806703710170723
2026-02-04,2026-02-03,0.001240997477336573,0.0012578424027845086,1.6844925447935533e-05,-287.39185543935736,-285.284837143541,2.107018295816374
2026-02-05,2026-02-04,0.03411166150519821,0.032557547726153976,-0.0015541137790442347,-253.51096786651976,-250.14308312610456,3.3678847404152066
2026-02-06,2026-02-05,0.03348338170043995,0.032115889120064585,-0.0013674925803753638,-224.27213947082265,-220.1892940843629,4.082845386459752
2026-02-07,2026-02-06,0.0028330055185563515,0.0021765209709182294,-0.0006564845476381221,-267.77907507520666,-270.1818301344075,-2.4027550592008424
2026-02-08,2026-02-07,0.0014913476517485612,0.002376289864046908,0.0008849422122983468,-293.61275429835223,-292.5380111527719,1.074743145580328
2026-02-09,2026-02-08,0.004440163349992006,0.004986008754205606,0.0005458454042135998,-226.1199509572643,-242.1030925728508,-15.983141615586504
2026-02-10,2026-02-09,0.0043119710769485954,0.005205716492042494,0.000893745415093899,-280.2033120348259,-283.07341938758566,-2.87010735275976
2026-02-11,2026-02-10,0.0017649568152781293,0.001836606997868538,7.165018259040865e-05,-281.59336879719416,-280.966321196924,0.6270476002701457
2026-02-12,2026-02-11,0.014531505695155145,0.01545511819405657,0.0009236124989014244,-195.00739927428424,-196.30792392261387,-1.3005246483296276
2026-02-13,2026-02-12,0.0026083610989373267,0.0037286453025443802,0.0011202842036070536,-274.71586715463826,-271.47539286553456,3.2404742891037017
2026-02-14,2026-02-13,0.007448686637171739,0.008301947453725613,0.0008532608165538738,-224.57008961987944,-225.004888913145,-0.43479929326557
2026-02-15,2026-02-14,0.0010608478737364735,0.001568461374551254,0.0005076135008147806,-267.0723736329461,-266.28834525163694,0.784028381309156
2026-02-16,2026-02-15,0.0010615624704088705,0.001870277466235757,0.0008087149958268865,-291.77097515301017,-289.0040228993564,2.7669522536537556
2026-02-17,2026-02-16,0.0014830886402409742,0.002307619866370755,0.0008245312261297808,-297.22461894910583,-294.0569514055905,3.1676675435153356
2026-02-18,2026-02-17,0.002265093670876997,0.0031301883150224264,0.0008650946441454295,-293.8022916911438,-290.79268669367167,3.009604997472138
2026-02-19,2026-02-18,0.0018556684873071757,0.0024581059734925604,0.0006024374861853846,-293.5501031031131,-291.1730420342391,2.3770610688740135
2026-02-20,2026-02-19,0.0006717051197992576,0.001068096132199377,0.0003963910124001194,-292.81862571075595,-290.2377242286658,2.5809014820901552
2026-02-21,2026-02-20,0.0028616442244402823,0.003562882846798364,0.0007012386223580816,-300.6588598096872,-298.6723267582757,1.9865330514115271
2026-02-22,2026-02-21,0.0021036712014659955,0.002802775364260725,0.0006991041627947294,-306.29129526609466,-302.9811765466658,3.3101187194288855
2026-02-23,2026-02-22,0.0003093470588192086,0.0005697458236162383,0.00026039876479702975,-292.8151097329498,-289.50626588316914,3.308843849780658
2026-02-24,2026-02-23,0.0007609776459834715,0.0012168945653736906,0.0004559169193902191,-292.7935747522946,-290.430971464032,2.362603288262619
2026-02-25,2026-02-24,0.0006995598458169039,0.000798010605112241,9.845075929533703e-05,-274.99994818024334,-270.2352897792315,4.764658401011843
2026-02-26,2026-02-25,0.00031833223375795624,0.0006101912913232422,0.0002918590575652859,-290.6826460862329,-288.95865612987564,1.7239899563572862
2026-02-27,2026-02-26,0.0024786062920426574,0.0028945978875316142,0.00041599159548895686,-269.1688574083557,-266.99012708717464,2.1787303211810354
2026-02-28,2026-02-27,0.004174438971277902,0.0036149972544709807,-0.000559441716806921,-292.67232465094907,-290.50446428664236,2.167860364306705
2026-03-01,2026-02-28,0.0014747634380915232,0.0013117442800547544,-0.0001630191580367687,-301.79716616737124,-298.3272392424939,3.4699269248773703
2026-03-02,2026-03-01,0.0007114483360279207,0.0007898451965821965,7.839686055427584e-05,-281.4341886321248,-277.90106623159,3.5331224005348076
2026-03-03,2026-03-02,0.000503689269546481,0.0008065224840779438,0.00030283321453146276,-298.1180306288248,-295.4034522526111,2.7145783762136944
2026-03-04,2026-03-03,0.0008473003457109528,0.0008527100713796418,5.4097256686890405e-06,-283.73512783543543,-283.317345165365,0.41778267007043723
2026-03-05,2026-03-04,0.00040342332566657105,0.0006759479837725335,0.0002725246581059624,-308.6933884742329,-305.6667301912518,3.0266582829810886
2026-03-06,2026-03-05,0.0010787861087063959,0.0014676252970279467,0.0003888391883215508,-311.84739455143557,-308.8083470080728,3.0390475433627557
2026-03-07,2026-03-06,0.0022638173845315394,0.002724824576488885,0.0004610071919573457,-308.5615550440167,-307.45680917171245,1.1047458723042496
2026-03-08,2026-03-07,0.0007076200679001995,0.0009753619201350362,0.0002677418522348367,-312.5714402660358,-310.10985573430736,2.4615845317284197
2026-03-09,2026-03-08,0.0006164829530111232,0.0008709931555157195,0.0002545102025045963,-309.1984882978143,-305.8377485776127,3.36073972020165
2026-03-10,2026-03-09,0.0005366437608165047,0.0007165566602378782,0.0001799128994213735,-304.75916463016324,-301.611314399532,3.1478502306312635
2026-03-11,2026-03-10,0.0011048590748765116,0.0013629079098406004,0.00025804883496408884,-307.8010588609027,-306.096549863737,1.7045089971657035
2026-03-12,2026-03-11,0.0011483098200527069,0.001427826569054705,0.00027951674900199806,-317.95755162528906,-314.86609655232274,3.091455072966312
2026-03-13,2026-03-12,0.00044623021493101313,0.0006052970946620949,0.00015906687973108174,-303.97001928354456,-300.71353450248597,3.256484781058589
2026-03-14,2026-03-13,0.0014181414746718896,0.0016882955970086077,0.0002701541223367181,-311.05178338152143,-309.16881778430553,1.8829655972159003
2026-03-15,2026-03-14,0.0012703724943864745,0.001455501789921199,0.00018512929553472454,-288.59232466743435,-289.3347699893004,-0.7424453218660574
2026-03-16,2026-03-15,0.000601034911137258,0.0007244311030522312,0.0001233961919149733,-281.62487467785456,-280.2311261936967,1.393748484157868
2026-03-17,2026-03-16,0.002026105424369481,0.002065551308033556,3.9445883664075004e-05,-250.91183487162115,-260.88867334808504,-9.976838476463882
2026-03-18,2026-03-17,0.00061107533743946,0.0006101357074120468,-9.396300274132005e-07,-285.18250170798285,-284.97142372189626,0.21107798608659323
2026-03-19,2026-03-18,0.00034351025721267254,0.00045368955448511826,0.00011017929727244572,-307.5382738881824,-305.484433142304,2.0538407458784036
2026-03-20,2026-03-19,0.0004915186825253792,0.0006332369769167132,0.000141718294391334,-314.36385843388683,-311.5041844988194,2.8596739350674056
2026-03-21,2026-03-20,0.0013105339590487707,0.0014946451194937731,0.00018411116044500238,-318.8513211611584,-316.48895552425375,2.3623656369046557
2026-03-22,2026-03-21,0.00044372246813468034,0.0005665956378691323,0.00012287316973445199,-321.33374623268486,-318.8003886753874,2.5333575572974496
2026-03-23,2026-03-22,0.00012191628789931215,0.00015564157189947177,3.372528400015962e-05,-306.1960310694941,-303.714398196442,2.4816328730520922
2026-03-24,2026-03-23,0.000558271347309571,0.0007692032174907561,0.00021093187018118506,-303.48190840398917,-303.3320810324759,0.1498273715132541
2026-03-25,2026-03-24,0.0006138278366034993,0.0008308194674452834,0.00021699163084178412,-310.83898172197433,-308.8356635473819,2.0033181745924367
2026-03-26,2026-03-25,0.00020610831839146184,0.00032355527420359993,0.0001174469558121381,-309.7732012015107,-307.25576521733547,2.517435984175222
2026-03-27,2026-03-26,0.0012387492974544753,0.0012952427334897991,5.649343603532386e-05,-283.473279894205,-287.6998888530372,-4.226608958832173
2026-03-28,2026-03-27,0.00030252672278543167,0.0004420387649046281,0.00013951204211919642,-314.4586594518099,-312.6683907962606,1.790268655549312
2026-03-29,2026-03-28,0.0004242546701756154,0.000570845089409742,0.00014659041923412663,-312.97507771558907,-314.5813664719208,-1.6062887563317076
2026-03-30,2026-03-29,0.00016431122934914768,0.00026529473262421836,0.00010098350327507067,-317.048551663713,-314.8888411756349,2.159710488078076
