date,trace_prvm,trace_raw_prvm,trace_jv,jump_trace_ratio,min_eig_prvm,max_eig_prvm,condition_number_prvm,diag_min_prvm,diag_max_prvm,symmetry_error_prvm
2025-02-01,0.1008165158383466,0.11226585307615729,0.015470484370148207,0.13780222522028637,1.4753537796402511e-05,0.04549431990771802,3083.621063336504,0.00010850301734142224,0.02398080085929088,0.0
2025-02-02,0.2914440538407497,0.29406566429992,0.006435422756507386,0.02188430523443854,2.9969522542978126e-05,0.1859909356405875,6206.002627297953,0.00040278221382586014,0.019118688087896435,0.0
2025-02-03,0.9788006853582295,1.1162447267611537,0.18552880270564198,0.16620799924758806,0.00012399628153432238,0.7673055623867991,6188.133651204756,0.0029106053807320337,0.03892800694666555,0.0
2025-02-04,0.3423036121573861,0.34653240388166495,0.011834694257787975,0.03415176798828119,3.387100484549357e-05,0.27648944249006935,8163.012693343681,0.0009226961644383393,0.013144380517294794,0.0
2025-02-05,0.16478687126859695,0.17400157799565039,0.011008155807180689,0.06326468951595293,2.906344985558572e-05,0.11895553333820769,4092.9598492019886,0.0003551864992167825,0.010791197483118794,0.0
2025-02-06,0.15672555423208034,0.1599466896823564,0.0043336580923975234,0.027094390643556822,1.8264895753697426e-05,0.09606313978270967,5259.440901175867,0.00032669864940923916,0.01619180007961893,0.0
2025-02-07,0.21664587897489435,0.22274808041414773,0.012299393025781704,0.05521660614499515,2.1465244357886402e-05,0.15019399051229682,6997.078067602572,0.000737983935096238,0.016058637953217672,0.0
2025-02-08,0.15587792186964075,0.16915665619476192,0.01601483555295525,0.09467458102574602,1.0665367199515727e-05,0.06204146391882691,5817.095910363402,8.963852842662029e-05,0.036969210827043436,0.0
2025-02-09,0.21721146074127864,0.2461474617073571,0.03631302057055699,0.1475254724086055,1.8363595696078074e-05,0.0767328605857285,4178.531364754256,0.00018513111115390756,0.04699476048497222,0.0
2025-02-10,0.177200167220003,0.19321125103653264,0.02304652969796323,0.11928150961356572,1.4355092100287694e-05,0.08950862902675541,6235.32251840875,0.00027505050582208093,0.018411276316919252,0.0
2025-02-11,0.12312147942202953,0.16004052992656675,0.04148106514478446,0.25919100095343156,2.0166257626813047e-05,0.056288588604694836,2791.2262972309522,0.00019298964299924363,0.013227171362295514,0.0
2025-02-12,0.21357102454096355,0.2965068742073787,0.09714353225262974,0.3276265769969534,5.079125481431448e-05,0.11691485005658206,2301.869691623212,0.00046755995159134553,0.021101184311639043,0.0
2025-02-13,0.1257661965033098,0.13654377287750774,0.012714435520423728,0.09311618723052087,1.7844823885580626e-05,0.053416870735601626,2993.4098020863476,0.000194514979204008,0.020578253213469764,0.0
2025-02-14,0.12153239701634444,0.1311873303531303,0.012764475939315503,0.09729960892531363,2.5929337279475306e-05,0.05723826620718757,2207.471235776444,0.00025313808169617703,0.00902345005082212,0.0
2025-02-15,0.06777534528393953,0.0716057542768238,0.0060690620713906695,0.08475662511602097,8.237333763148064e-06,0.02619210554222677,3179.6824428074315,5.355651945783566e-05,0.00754394587581128,0.0
2025-02-16,0.14887811756507968,0.17606001444193167,0.03140515838234924,0.17837757472584626,9.16663855019922e-06,0.06916543246067616,7545.343048262002,4.486855433992244e-05,0.06462275593915623,0.0
2025-02-17,0.15156434417961206,0.1540891580198024,0.0043424877234364894,0.028181656511345365,2.01621915342254e-05,0.05480667767716337,2718.2897049722405,0.0001158295657074105,0.04555858033278758,0.0
2025-02-18,0.15088295427263781,0.16610580766223965,0.020527066996077342,0.1235782618619644,2.1303885243453556e-05,0.08207833631721917,3852.740257434541,0.0003271599610431224,0.013109752117043584,0.0
2025-02-19,0.11663873678193498,0.11936341321124631,0.0044996323424651066,0.03769691416666992,1.880569868762856e-05,0.057803495746775777,3073.7223172038885,0.00022922281478442063,0.026140283956680766,0.0
2025-02-20,0.09170338468086257,0.0936650398053728,0.003109111541678553,0.03319393818802614,1.4073399964105739e-05,0.03990922590192873,2835.791351323587,0.00011304979847092177,0.009788709902830954,0.0
2025-02-21,0.16623616338485422,0.1756503741036504,0.016975199676711034,0.09664197849470024,2.34116607386507e-05,0.07439559481020602,3177.715397497842,0.00023358127706596778,0.013417082356343835,0.0
2025-02-22,0.098986911417446,0.11224075718204811,0.017106069056813323,0.15240514663553323,1.0883287096475734e-05,0.022426287208251197,2060.6170736333293,6.361103656531601e-05,0.009504987842870617,0.0
2025-02-23,0.12452887625094126,0.14446495265345577,0.02451273820519977,0.1696794811126351,1.431697730330565e-05,0.034752051233097846,2427.33158661039,6.968703437069536e-05,0.02983956125115548,0.0
2025-02-24,0.26776830647760286,0.3487447561657657,0.09476492725921817,0.2717314757678375,5.070987192200189e-05,0.15047372670625014,2967.3458244520416,0.0003751126501200464,0.026590119532449417,0.0
2025-02-25,0.4250244447776652,0.4260572816955191,0.004251948443120137,0.009979757712857923,4.476500923678868e-05,0.32027126874274636,7154.500226921472,0.0022084044014228687,0.040046559325699435,0.0
2025-02-26,0.20791920326672278,0.21642012537216107,0.010372014394947766,0.047925369126886004,2.8381532677178826e-05,0.13000137202431666,4580.491600048395,0.0015839650770245045,0.017389426749170628,0.0
2025-02-27,0.23498739455259654,0.32604776889822273,0.10339044031491251,0.3171021248336967,2.18968612753371e-05,0.08811861362577608,4024.257747160592,0.0007153927566927908,0.0503554424051679,0.0
2025-02-28,0.27167739028189325,0.3303414319282497,0.07037427363833833,0.21303495970079722,3.653633775309058e-05,0.13144040417696207,3597.5254297577653,0.0006616640928751022,0.03422890876480311,0.0
2025-03-01,0.16244545345710928,0.2418871293342255,0.08663296943788507,0.35815452304690715,3.634837587050131e-05,0.07351823641731464,2022.600313126472,0.0005155260879320488,0.03343359476618468,0.0
2025-03-02,0.2635198677030363,0.4180941556016571,0.18007641680398653,0.4307078068212844,8.25063318239709e-05,0.1296489775445634,1571.382155507439,0.0011085156869725767,0.04815378898450397,0.0
2025-03-03,0.2822457737754416,0.29129239544601593,0.016326266364404454,0.056047691665298334,3.516994667079303e-05,0.17741062747937314,5044.381475468777,0.001260249265102702,0.019965885831033807,0.0
2025-03-04,0.4012356019706579,0.4204851086089697,0.026690457519740186,0.06347539300032855,3.47753665220097e-05,0.2784606813525424,8007.411832059389,0.0008646119974401226,0.03339608085787898,0.0
2025-03-05,0.1196121980602544,0.1242117530699715,0.008130083738261818,0.06545341754964157,3.041554726755133e-05,0.06485161594527578,2132.186390558962,0.00028109423537855824,0.00642986860534504,0.0
2025-03-06,0.13461924466427502,0.14435394483356753,0.012228550871824326,0.0847122736127731,2.3351527450650617e-05,0.06522636458448527,2793.237603935324,0.00023848473339829372,0.017764605380832903,0.0
2025-03-07,0.22387358244024097,0.25352773148528096,0.04092496980125651,0.1614220644088889,3.8624136189322354e-05,0.15080936042711793,3904.5367820758975,0.0002924501331589372,0.018666961583582553,0.0
2025-03-08,0.10367340830184857,0.10570974528808598,0.003404329715395448,0.03220450211205961,1.6511817377837006e-05,0.04709826577724109,2852.3974496265178,0.00019557352096399866,0.010921040064308794,0.0
2025-03-09,0.1291817441492909,0.13200778899871626,0.0048223252757570905,0.0365306116581044,2.8140095909701667e-05,0.06877651077528156,2444.075208413556,0.00019221658110928406,0.007140551416553829,0.0
2025-03-10,0.3366174387913789,0.3550850100091861,0.02928525944427836,0.08247393896892677,4.875020636119606e-05,0.2393831815122556,4910.403450164646,0.000248352278267621,0.017073285858288798,0.0
2025-03-11,0.35043771334486334,0.40426204105687946,0.07965390683589714,0.1970353353672646,5.216877986929421e-05,0.2509321959519336,4810.0069923166575,0.0003041267427900095,0.02558531686465821,0.0
2025-03-12,0.182703220583523,0.2003584120063573,0.022407541689236667,0.11183728930994764,3.739166134703897e-05,0.10160649620365375,2717.3570936210867,0.00018238004288817624,0.023244433316234683,0.0
2025-03-13,0.1442761002928216,0.1508613980961015,0.008787151458215453,0.05824652011124725,2.9008084222178237e-05,0.05763396227466988,1986.8241498901064,0.00013477091648596146,0.019693240201008676,0.0
2025-03-14,0.08748265339736325,0.09422921688332273,0.010511493136642678,0.11155237711100056,1.9665272575038938e-05,0.03272500096735172,1664.101061527591,7.74367927937478e-05,0.013469535524070169,0.0
2025-03-15,0.06921578386203044,0.0761082466853211,0.008999930920156373,0.118251717942836,1.627464166225502e-05,0.02015378327765647,1238.3549632553909,8.516779062194197e-05,0.010602316518713158,0.0
2025-03-16,0.11492327135791082,0.11714078234448645,0.004364023614803042,0.03725451996700316,2.0906899664961584e-05,0.04537536622373585,2170.3536607956084,0.0001127618843538777,0.024073618230118703,0.0
2025-03-17,0.12655265534815804,0.13583389597903736,0.012123294901596067,0.08925088111635258,2.0643384155667287e-05,0.03255223792393959,1576.8847626179029,8.247651858307583e-05,0.025654593899273746,0.0
2025-03-18,0.15968025269597882,0.2035130117847058,0.05154347793195648,0.2532687098478193,1.6467895601256758e-05,0.04072226955776763,2472.8277700922445,7.926639432149989e-05,0.03846306228916853,0.0
2025-03-19,0.11381232140579775,0.1386662687679828,0.03389545999047536,0.24443911480151986,3.997112336773693e-05,0.04848960813714863,1213.115971023408,0.00013216573991148238,0.011826969224042258,0.0
2025-03-20,0.08267916648821272,0.08787150321037263,0.007941054426977038,0.0903712140665832,2.2184242134868027e-05,0.031527649657510703,1421.173167234647,0.00013830237600153539,0.014619653036590368,0.0
2025-03-21,0.10948737463685006,0.1351160516457963,0.027891197653692804,0.20642401338672148,2.1366441785149193e-05,0.02820177034843917,1319.9095400171354,0.00018532335289949285,0.027095026879674588,0.0
2025-03-22,0.1731002851420257,0.1773010805366786,0.009308920180070878,0.05250345994448198,4.46092027467626e-06,0.10516753592115005,23575.3004863514,4.087546250114536e-05,0.10018129444165118,0.0
2025-03-23,0.1399892704765992,0.14515815367155066,0.008846092171082176,0.06094106288440557,1.7636072926197774e-05,0.0510708737032617,2895.8189227828434,0.00012133234545020643,0.04632873538184087,0.0
2025-03-24,0.09800480307481198,0.11034047816164981,0.015909208401310694,0.1441828843446152,2.5425131617735e-05,0.030184963790069144,1187.2097357802459,0.00023973142872820544,0.012878657986712654,0.0
2025-03-25,0.11381149318198924,0.12515524867683367,0.014413415328796449,0.11516428980149022,1.4989210008226826e-05,0.03098953770360265,2067.4563693879827,0.0002523902847714754,0.02503408526271646,0.0
2025-03-26,0.12823165742244383,0.15077359262572448,0.027477079331086757,0.18224066199241518,2.158414509133055e-05,0.042373397399331825,1963.1723758357912,0.00021671762384792726,0.021170424192309675,0.0
2025-03-27,0.16922647075860675,0.28886671058614033,0.12596984864991131,0.43608295464127905,9.456251956011277e-06,0.045431697883161815,4804.408564249516,0.00020977273533892473,0.04371569942707387,0.0
2025-03-28,0.1372745559803743,0.1477838880906321,0.015632044378798764,0.10577637779574477,3.587024859219305e-05,0.04747814329414382,1323.6078688475318,0.0001881610805256891,0.021915465255790988,0.0
2025-03-29,0.10937192919749947,0.11397669811613974,0.006997682938645632,0.06139573311305393,1.2750018817281243e-05,0.051135449126985075,4010.6175418091634,0.00019231643042092874,0.008925229796453516,0.0
2025-03-30,0.10407690858509312,0.10527764970672747,0.0019371622668173877,0.01840050829605098,1.015302120693967e-05,0.058392218799339396,5751.2160773807755,0.00016900908373211816,0.007424687535885449,0.0
2025-03-31,0.15027169548530794,0.16964852986490228,0.029998532301201346,0.17682754059283828,1.2114264637135225e-05,0.08579118088299825,7081.831498051713,0.0005071104266119442,0.011859367873439447,0.0
2025-04-01,0.15377992521713954,0.19743667445994156,0.0462804792183116,0.2344066994893675,2.818370206172946e-05,0.06276375109181098,2226.9519793511313,0.0004423907984498543,0.04359511126035033,0.0
2025-04-02,0.23734090829884064,0.261516816956704,0.033173306620113155,0.12684961145579116,4.8684695803707e-05,0.14279294546998558,2933.0150494462555,0.0009005575224236965,0.013425216854843953,0.0
2025-04-03,0.16858053783628227,0.21239850638926305,0.050426189829911136,0.23741310938173446,1.8779975104096773e-05,0.07587172536529993,4040.0333304355036,0.00044029158928996,0.032685911344558206,0.0
2025-04-04,0.1525155626484505,0.15392946587511025,0.004020712220652967,0.026120484455621696,2.555905290308243e-05,0.08144777256755309,3186.6506508044536,0.000822264293082613,0.02102048478679745,0.0
2025-04-05,0.0723917528149724,0.09808253820829224,0.028491487433061003,0.2904848095647288,1.0618676032288867e-05,0.014405466371705061,1356.6160534422056,0.00011557769983191369,0.010062130330246744,0.0
2025-04-06,0.2603307031752545,0.29837875571756833,0.046974041154168214,0.15743091709461945,2.6972688015735e-05,0.07613534515781287,2822.6828973589118,0.0005297832489859372,0.05964397847681497,0.0
2025-04-07,0.6556765963159158,0.6810630074323717,0.04763901099845584,0.06994802313233303,4.0286597975016685e-05,0.40217964399709194,9982.963670610745,0.002671274009135816,0.08210980955631966,0.0
2025-04-08,0.38468609874425336,0.44503973705643546,0.07687850073942602,0.17274525022846907,2.273430585457882e-05,0.11308198875750519,4974.068242102489,0.0009428493737135742,0.07269792946374537,0.0
2025-04-09,0.4664900194766135,0.5983782585902614,0.16992162795144405,0.2839702571276033,8.455723519751702e-05,0.14793446653984083,1749.5187276911445,0.0018272701778945877,0.0880501538961815,0.0
2025-04-10,0.32650077693457885,0.38053157367627244,0.06925556391268503,0.18199689251437107,3.786584855334255e-05,0.08171923363627695,2158.1249795883236,0.0008162485816228063,0.05542834771732531,0.0
2025-04-11,0.2450069677534036,0.34882543774586655,0.12685892242811617,0.3636745165372315,2.656850748661892e-05,0.05976068187510039,2249.305193571695,0.0006852010691587502,0.03191813471685261,0.0
2025-04-12,0.19332889642460085,0.2326668615293127,0.049034031269537974,0.21074780889396397,2.4445710959099817e-05,0.03514705534425171,1437.7595891179576,0.00023389034168449382,0.032363872147548635,0.0
2025-04-13,0.16221508882594798,0.18412443157955,0.03026197733345739,0.16435612087895496,3.341928951590796e-05,0.057512952248816446,1720.950776689601,0.00039503632869390405,0.036047489064387005,0.0
2025-04-14,0.19534599370809666,0.22007989953673324,0.031090881335095587,0.14127088116880138,3.430218525144269e-05,0.0625222987183295,1822.6914192208765,0.0004257236665501013,0.03384115116567701,0.0
2025-04-15,0.3087768542052335,0.37531478083197334,0.07781292793108155,0.20732710755113593,1.7739501653182855e-05,0.09595666121227978,5409.2083919991655,0.0001907912051930381,0.08351509769248028,0.0
2025-04-16,0.7894119011826874,0.8736735510100196,0.10444061536249528,0.1195419218560017,2.989854895879091e-05,0.2920966004720681,9769.591189012686,0.000301833126210171,0.24574920358135408,0.0
2025-04-17,0.32201262113545004,0.40765337187988787,0.09850409087490959,0.24163688483835996,6.982998275523882e-06,0.09726067952829623,13928.211878442644,0.00012385512948050179,0.08664558565955495,0.0
2025-04-18,0.16429151952248316,0.18068136791304362,0.021718937891992498,0.120205741980242,3.2291739071470947e-06,0.0440844315889225,13651.922397660566,3.4286618286531135e-05,0.034877133331612964,0.0
2025-04-19,0.103647398016792,0.12702401617232337,0.029385348852803656,0.23133695295021134,9.317660092567958e-06,0.04162162063178776,4466.960612244956,5.072090645328875e-05,0.034749277220658965,0.0
2025-04-20,0.12724861162620613,0.1459631372765286,0.023308678884260105,0.1596888044417789,1.0241777180432808e-05,0.036939655513015465,3606.7622700862576,8.238262888477291e-05,0.03522844014477986,0.0
2025-04-21,0.0832423381417153,0.09993498571603411,0.022645247269738916,0.22659979493153207,3.127237361683287e-05,0.029481070338602172,942.7193055385314,0.00042038615879864846,0.009241090490609932,0.0
2025-04-22,0.11469480974342358,0.12317620910753724,0.012886900745133427,0.1046216703574852,4.432430323980865e-05,0.05147166440992407,1161.2515177383818,0.0005273634246703886,0.010712361053113979,0.0
2025-04-23,0.16822845601175493,0.17424345291095214,0.007575982062885749,0.04347929254339035,1.7795848187655143e-05,0.06331640760044552,3557.931430566354,0.00047738070674594764,0.023418540073974214,0.0
2025-04-24,0.2078614355007433,0.24511571574672447,0.04873302334444225,0.1988163965577694,2.4024329085967582e-05,0.08343814742763392,3473.068784941406,0.00018667042878711524,0.053469834720215416,0.0
2025-04-25,0.14410956984376647,0.15303770855222135,0.013192201353619305,0.08620229274484795,1.8761738742598963e-05,0.060385620847584545,3218.551418716731,0.0002457429596460658,0.021522201035268387,0.0
2025-04-26,0.11663326211068598,0.12688264039312683,0.016216990291716367,0.1278109459376827,1.5073067903532052e-05,0.04928541896790038,3269.766930218061,8.572693127635266e-05,0.01998390511156775,0.0
2025-04-27,0.09041047292641954,0.09823932840322686,0.012757929655181062,0.12986580692831776,1.362256015699244e-05,0.03995451440766162,2932.966633819784,8.109057234186395e-05,0.010082639222694733,0.0
2025-04-28,0.14661447133140162,0.15033486764062895,0.007396240156227242,0.04919843461669674,2.3188859778304354e-05,0.05535396902738739,2387.093179940521,0.00027999270843800467,0.013688271391678108,0.0
2025-04-29,0.16678146065994576,0.1960077207847146,0.03515537675601629,0.17935710193084312,1.0627491483816954e-05,0.05438301266727849,5117.201246417407,0.00014638322795427979,0.04299791782621664,0.0
2025-04-30,0.20559434727233433,0.21533712305526548,0.013994797272666452,0.06499017482031995,2.0476510705557005e-05,0.0567580354723501,2771.860708521343,0.00021132554753289313,0.04220711318472644,0.0
2025-05-01,0.09905507476715199,0.12903755084557184,0.03384753356774434,0.26230762553957665,1.7555390405809037e-05,0.02288584201946372,1303.636176150822,0.0001890305992001363,0.010550187137014416,0.0
2025-05-02,0.1104092920870213,0.13159220532993027,0.025903090738840593,0.19684365554856317,2.075708790303012e-05,0.03221240921635796,1551.8751650926713,0.00022112874318854612,0.02526981733770504,0.0
2025-05-03,0.12837185812047536,0.1507630931121346,0.028785387724927308,0.19093126262352092,1.1807361391451663e-05,0.03650259319478456,3091.5114719205462,6.262191446114988e-05,0.020855038313059866,0.0
2025-05-04,0.12650850318042378,0.13829066163330758,0.019405054786588233,0.14032078925215358,1.3277007285547464e-05,0.04720392962526784,3555.313980783241,9.272012659394542e-05,0.016046652655878353,0.0
2025-05-05,0.1261908981887212,0.12764789858967462,0.0031785493436056935,0.024900913988589585,1.8072241275586355e-05,0.04687752222195872,2593.8964352631338,0.0002965281160659562,0.021843311503743863,0.0
2025-05-06,0.1906032178011472,0.19850689745788028,0.011120144281841163,0.05601893145400988,1.2924786652039536e-05,0.08596448976302373,6651.134140729395,0.0003107734919034248,0.02304282943316607,0.0
2025-05-07,0.12408662174579782,0.14972242152394347,0.02783844208223434,0.18593368848086952,1.2710566888318961e-05,0.03889527092889822,3060.073659235691,0.00021084751787017896,0.026810869061501246,0.0
2025-05-08,0.14803423559793924,0.1617739737186846,0.018278541931791847,0.11298814952507227,3.530077671196858e-05,0.06010476654547457,1702.647141049911,0.0005034571326430414,0.022254291409225045,0.0
2025-05-09,0.17006029722296143,0.1852545154701092,0.02166838620492178,0.11696549555046053,3.537282514529904e-05,0.07402136942348372,2092.605527532227,0.00020617895101036855,0.017728431569477284,0.0
2025-05-10,0.14299104558262796,0.1519539360396258,0.014240915267057576,0.09371863367424653,2.51003480213013e-05,0.06759381501902048,2692.9433393376576,8.158929987891137e-05,0.015843545139658938,0.0
2025-05-11,0.13946226139643064,0.15820470995146987,0.024651480909887762,0.15582014541444267,2.9412058158142716e-05,0.0749085479553552,2546.8652194479905,0.0001390869016275105,0.011290760983287544,0.0
2025-05-12,0.21901413608652986,0.22773351805766545,0.013911742215132672,0.06108781146396735,1.4488676432025507e-05,0.12072047845109674,8332.057038989316,0.00034689297704154274,0.01782148669796526,0.0
2025-05-13,0.13020641353609666,0.14173525522461325,0.016234061422285926,0.1145379206927676,2.4957175422784112e-05,0.0670443822292158,2686.3770075522684,0.00022115885916528492,0.011061742247541508,0.0
2025-05-14,0.12369862406579384,0.13796627710982912,0.01932701640260587,0.14008507591475017,2.149884124217455e-05,0.048013655372618716,2233.313639175572,0.00014272212995356881,0.01536897019436934,0.0
2025-05-15,0.21872828202108832,0.21914247295852113,0.001242039341581422,0.005667725315012361,1.7541280782704928e-05,0.13689300389628273,7804.04838119086,0.0002773846979417831,0.025375046910035337,0.0
2025-05-16,0.1116770516918242,0.11845498699272695,0.009478838100058758,0.08002059128705785,1.2302524882008427e-05,0.054805440866805596,4454.812438295059,9.762636533818549e-05,0.011046710544917335,0.0
2025-05-17,0.14007625825070963,0.15266066041174603,0.01611435517287856,0.10555669764178936,1.2294426860217569e-05,0.06651317250502611,5410.026287622249,5.657232867322684e-05,0.02496777540507908,0.0
2025-05-18,0.12067603798696289,0.12509221085569996,0.009251615517473872,0.0739583660260515,1.667214488087214e-05,0.07946565049767951,4766.372357335378,0.00025611036011317657,0.010209967882939371,0.0
2025-05-19,0.12356571571519573,0.13109825009834603,0.01171462700093319,0.08935761531633887,2.8867380618703418e-05,0.0638788840256784,2212.8396361771297,0.0003847591076818131,0.007911418984583371,0.0
2025-05-20,0.07283081636331944,0.08359446002552604,0.013844243506800396,0.16561197359936267,1.52869706063285e-05,0.04132968233272016,2703.588787932287,0.00027255383259173176,0.005603292346221856,0.0
2025-05-21,0.1084519560600795,0.12746986452478973,0.024126073265463115,0.18926883899504884,2.0753987992096273e-05,0.06424255243919655,3095.431705157678,0.0004298279305039556,0.008965525007917656,0.0
2025-05-22,0.07615014638468329,0.08718249634724089,0.013228143039579114,0.15172934469428911,2.0920549849029924e-05,0.028393008938549458,1357.1827291081468,0.00024650187821766015,0.010221593377224529,0.0
2025-05-23,0.159656165246426,0.20023737358430468,0.052223324737520824,0.26080708013049103,1.8543398105994265e-05,0.08914333509749885,4807.281523481002,0.00047750329033818627,0.017794439867718552,0.0
2025-05-24,0.0818125009596441,0.09292403694424056,0.013122680838084592,0.141219444070848,9.813383623112371e-06,0.02563855188349263,2612.6107842262477,0.00017022680415552843,0.014816976197264574,0.0
2025-05-25,0.1017022043177527,0.10478628986693048,0.005911609491703219,0.05641586794618315,1.0935930813660608e-05,0.04517519744161751,4130.896419460422,0.00017189180528127883,0.010341749322082535,0.0
2025-05-26,0.07133560393068052,0.07438919494544576,0.004755069806336349,0.06392151185160075,9.753635429393197e-06,0.03265685284575077,3348.172389890366,0.00012673645743064709,0.0066019992835880574,0.0
2025-05-27,0.08587892035725525,0.0889961825913845,0.0058777647300822505,0.06604513316115271,1.0196824313613003e-05,0.039491804553842144,3872.9513561511153,0.00026500708148176084,0.008502554558222988,0.0
2025-05-28,0.09578477556803554,0.09853763317805925,0.0035077586496183658,0.03559816220955687,9.541961124394987e-06,0.03678191091843276,3854.7538015425457,0.0001233367269737979,0.016605654378351695,0.0
2025-05-29,0.0989619343031477,0.10003699860906468,0.0027788348332359286,0.02777807083252625,1.1896770445308824e-05,0.03898536748849271,3276.970642386864,0.00016324270720893602,0.018393310541970118,0.0
2025-05-30,0.23998747667263828,0.25329916564891714,0.022583267865024535,0.08915650316955981,2.857566075932487e-05,0.08691335269496532,3041.5168148510293,0.0002627549573543512,0.06436582398471159,0.0
2025-05-31,0.17102955760185595,0.17489910693909297,0.005740187466085798,0.032819993003650766,1.3969531432003072e-05,0.0668745278001169,4787.170430563816,0.00012053193380031413,0.02748179369162355,0.0
2025-06-01,0.13014923307269863,0.16852308296870996,0.04078883591523239,0.2420370859391751,1.2902798535069321e-05,0.048964103285557545,3794.8436653083404,0.0001254333370229651,0.03901697696573698,0.0
2025-06-02,0.15796333083260747,0.15864998814439993,0.0017243382476600328,0.010868820526419302,1.088341073872236e-05,0.06854014578858258,6297.671514383067,0.0001655926389653843,0.04083023783479957,0.0
2025-06-03,0.1049852489622654,0.14182833177045318,0.04019211798062663,0.2833856781568644,1.3720000190187893e-05,0.034422733017687536,2508.9455204458072,0.00014016704918412917,0.027626382913289813,0.0
2025-06-04,0.0886154662103999,0.09148165301714008,0.0049483352013480406,0.054091012111695404,1.4419506947187227e-05,0.039296041565618736,2725.200085519159,0.0001370463399272641,0.017090275220805175,0.0
2025-06-05,0.15755293648891908,0.17791584964034682,0.02708120944804841,0.1522135858204455,2.541554179971486e-05,0.07476489091652522,2941.6996696629153,0.0004399338520598981,0.01455361541156687,0.0
2025-06-06,0.18122005151239248,0.22345321710883154,0.04590316261115108,0.2054262776122584,1.463023550457667e-05,0.10862353609158959,7424.5924515439065,0.0002193555417919498,0.10478055888306667,0.0
2025-06-07,0.09024856930278252,0.16757021851791593,0.0803195052406088,0.4793184967531767,8.771550456097424e-06,0.0409791965565415,4671.8304547921025,7.889216202665315e-05,0.04038884277889192,0.0
2025-06-08,0.04677090059436944,0.05481298363762188,0.008638507650710153,0.15759966120109098,5.880273155309327e-06,0.015488130165990054,2633.913384109673,6.773303162778276e-05,0.011620052642383657,0.0
2025-06-09,0.06976663939122998,0.07207067341903242,0.0038486507329344435,0.05340106523714113,1.678681462234145e-05,0.028985009044936512,1726.653310769309,0.0002463454696494202,0.011386962932362047,0.0
2025-06-10,0.09115929705154509,0.10034033900429114,0.01259034474745624,0.12547640233623095,2.6629645414068986e-05,0.04648089539101802,1745.4567895395712,0.0001878638752960013,0.01133609365827718,0.0
2025-06-11,0.0857852163428233,0.09076474939872803,0.006416398293211281,0.07069262390649204,1.6138995884517434e-05,0.03938708618670547,2440.491742394615,9.269890268998952e-05,0.013763361463138911,0.0
2025-06-12,0.09955131238264359,0.106287323817417,0.0091544031266238,0.08612883265693529,1.5215470534961984e-05,0.04992977096863302,3281.5134342316132,0.00025198903801781604,0.01232978281871688,0.0
2025-06-13,0.11742125688050878,0.12392985059456968,0.01171590320317577,0.09453657167314565,1.9183761044094717e-05,0.07093113327640274,3697.4570895334036,0.0003935670332871828,0.006276796388834407,0.0
2025-06-14,0.08096690664846676,0.08658434401230997,0.007227202572392848,0.08347008520807565,1.01120534819919e-05,0.02984316177159834,2951.2464332536097,0.00012190148256686976,0.018758213917124365,0.0
2025-06-15,0.05034716879401169,0.05281308554864046,0.0038930705183833217,0.07371412743528935,9.526239598150388e-06,0.0246716919673981,2589.8668318386985,8.528975768155225e-05,0.007287740713203883,0.0
2025-06-16,0.07474145982323166,0.09868680215599561,0.027892915023670056,0.282640782904074,1.7404502327925297e-05,0.03663839860187322,2105.1103853218133,0.0002598509525318773,0.013207783798626017,0.0
2025-06-17,0.08974318750395216,0.09520756995605906,0.008510156776189364,0.08938529551922225,1.0277260184496271e-05,0.05056542015357729,4920.126497318575,0.00020396450297455833,0.010111311573276525,0.0
2025-06-18,0.09178337112864125,0.09369708895018519,0.004325080117348168,0.04616024004382496,7.328972712100041e-06,0.05640934724740604,7696.760441511116,0.00025161111005616096,0.009554610707368117,0.0
2025-06-19,0.06252915503459397,0.0682148657664413,0.006979904254933545,0.10232233365131607,7.141967656501808e-06,0.024400136809109695,3416.4445965946975,9.652658231642516e-05,0.018355143738866677,0.0
2025-06-20,0.14269630557056776,0.18477306157123527,0.04910158680946286,0.265739964429462,1.9140465187677427e-05,0.047930864164642664,2504.164015590405,0.0002672153322801284,0.033985046252947675,0.0
2025-06-21,0.12236603111259135,0.14957778480684944,0.032722269893763194,0.21876423652093543,1.4428772639002047e-05,0.03653031725321726,2531.768859845576,0.0001089778314407636,0.028222692315623053,0.0
2025-06-22,0.19825472991369106,0.20626644969103236,0.016157698344329632,0.07833410798766516,2.682673017457597e-05,0.143672048633046,5355.555734824731,0.000865863187968131,0.008954872200051561,0.0
2025-06-23,0.19216357513410964,0.200948790363708,0.014498112370858853,0.07214829382460049,2.5322002982151085e-05,0.11250252538407149,4442.876239425926,0.000797425936035704,0.018753909908813333,0.0
2025-06-24,0.10899218103860599,0.11568053998319076,0.010185942995316164,0.08805234654675935,1.594790374749189e-05,0.03598602157211929,2256.473461459082,0.0001853397529674744,0.014878040976805423,0.0
2025-06-25,0.11829503196062087,0.13282348304642358,0.018510725481753504,0.1393633494408798,1.0583616123002057e-05,0.043408264536931446,4101.458710562022,0.00019257035359200375,0.018014800934457606,0.0
2025-06-26,0.09971718874099297,0.105012688206219,0.009323845459836265,0.0887877990660189,1.3109637192209145e-05,0.045737657824462485,3488.85763609413,0.00014195710647733214,0.01769848054288703,0.0
2025-06-27,0.0750948173081999,0.07888438609849449,0.006189718247055519,0.07846569585173775,1.1050787812415495e-05,0.0356000110459877,3221.4907796882408,0.00013182455356209515,0.009367366977915698,0.0
2025-06-28,0.03846792476366231,0.04032865809370733,0.0030370314528360923,0.07530702970030076,4.564781958570251e-06,0.013360388868612051,2926.8405347441167,1.8383898224942962e-05,0.003173415907168972,0.0
2025-06-29,0.05268159487907696,0.0720252741824255,0.02367525906688983,0.32870765624473947,9.420458006016727e-06,0.016113519227615336,1710.4815092136537,3.9319273570743066e-05,0.005346173275006126,0.0
2025-06-30,0.04920147882780451,0.05893592477071251,0.014127200199298667,0.23970439514201036,8.0723524169592e-06,0.023531923533689672,2915.1258912149906,0.00010731401991595881,0.003810913075412828,0.0
2025-07-01,0.05712442280600948,0.061735503443058094,0.006023483910363988,0.09756920369038156,1.2509551121356071e-05,0.02167262007624573,1732.4858315057074,0.00011245423787556972,0.0060242569881086535,0.0
2025-07-02,0.28184078227339987,0.32078091997008057,0.050017455498981435,0.1559240353311743,1.927424139701619e-05,0.14679552831968057,7616.150762872863,0.00013115408195785427,0.1083105878544703,0.0
2025-07-03,0.11676500207031854,0.12210063433292913,0.007931928990678728,0.06496222590499334,1.683903425487615e-05,0.04914936684587347,2918.7758693252304,0.00016490925239019387,0.03824708167876283,0.0
2025-07-04,0.11288110377940133,0.130911905488562,0.024093562157715666,0.18404408726462823,8.32898573818211e-06,0.032473615455686805,3898.8679386038325,8.446624363867172e-05,0.01519239604873159,0.0
2025-07-05,0.07426711141532459,0.08176491758888424,0.010633048692250124,0.1300441436963628,5.719716103880403e-06,0.017875693935038996,3125.276431624231,3.025270682567435e-05,0.01106239763622459,0.0
2025-07-06,0.07382861239027112,0.09166839870551102,0.020615632250008557,0.22489355700689428,9.053495547123094e-06,0.022703777282210028,2507.736063273875,5.1984678523860717e-05,0.013278406771206463,0.0
2025-07-07,0.06575991999196489,0.0762945153578729,0.013706996662609019,0.17965900429819798,1.0014388899801522e-05,0.019656919629022683,1962.8676123624748,7.157000512399045e-05,0.0074815073398669905,0.0
2025-07-08,0.055908709647572837,0.07055477007480852,0.017098804162965102,0.2423479538638622,1.0314486442550452e-05,0.016372798034056366,1587.3594992101112,6.206575850780773e-05,0.013917091594441882,0.0
2025-07-09,0.05381617105099982,0.06574822850527016,0.014415510128668041,0.21925320965130704,1.6039623445251526e-05,0.021181942110828064,1320.6009594382906,0.00016675669267003854,0.0047854598371586555,0.0
2025-07-10,0.0794829743554806,0.09018232074749157,0.01399511808857807,0.1551869365589302,2.7511270888703526e-05,0.03728211123173744,1355.1577236312244,0.00029953692122702184,0.007413899950558436,0.0
2025-07-11,0.16786812456098732,0.17622003992469676,0.013764651772123094,0.0781105927453261,4.749863066645513e-05,0.10979229741001738,2311.4834231959403,0.0004339052894954124,0.011670692928286803,0.0
2025-07-12,0.60526969516188,0.7946551210842695,0.21026925262546572,0.26460441397340173,9.051930981841484e-06,0.26152159601153957,28891.24945121232,0.00010361516153124974,0.23554552654444522,0.0
2025-07-13,0.1583958914572254,0.18757376311986404,0.03502119310714753,0.18670624571714844,7.5199946112082295e-06,0.04133447621318592,5496.609818254212,3.997238690157923e-05,0.037809173650354855,0.0
2025-07-14,0.13279231849968845,0.1575094334253423,0.02984769626239385,0.18949783269039136,2.3499199338655198e-05,0.05974788618011444,2542.549868149408,0.00017509951993801233,0.010152493074313356,0.0
2025-07-15,0.1713109362865213,0.19169162786037364,0.027011781062634427,0.14091268024657577,2.875736500321504e-05,0.09563864812793282,3325.7097135721765,0.0006155707980726452,0.012750154500244214,0.0
2025-07-16,0.09020568711633294,0.0973964136017516,0.01054256200610436,0.1082438420085189,3.289464606580118e-05,0.0423133266932874,1286.3286812281078,0.0002814112188987984,0.009732128759583757,0.0
2025-07-17,0.14531181351265535,0.14734369404356784,0.0034261573542026104,0.02325282650501171,2.932204976226843e-05,0.07990767575656307,2725.173594766494,0.0002693764980361166,0.01559738134070338,0.0
2025-07-18,0.17737832172086648,0.1841500716725205,0.011667832315306947,0.06336045492317915,3.5046470460135634e-05,0.12011481843238099,3427.301433078923,0.00023247713151420795,0.008702380165593581,0.0
2025-07-19,0.10030927621509676,0.11077296517627529,0.015589329294864895,0.14073225601623354,1.1901827112216774e-05,0.04465979468310169,3752.347791815939,6.169331973219582e-05,0.009778246338821862,0.0
2025-07-20,0.11485332142391581,0.14194755330678524,0.03192781496054076,0.22492684246227565,2.7280891689221436e-05,0.03269538576273146,1198.472034389157,7.31241233993102e-05,0.02112395777445684,0.0
2025-07-21,0.14511887022897707,0.1711722795184214,0.030889110920610925,0.18045626901455541,3.5084002103764454e-05,0.042232943137993695,1203.7664064973412,0.00017628213430277812,0.028397208009275213,0.0
2025-07-22,0.20342003655508387,0.2467948384870423,0.053615571582183344,0.21724754014658362,3.714704480710972e-05,0.10865821532328934,2925.0837014763774,0.00026847387076593524,0.025755927513985578,0.0
2025-07-23,0.25012841297368166,0.2889055333364966,0.045922747861105305,0.15895419977165254,2.3081236544238727e-05,0.11730410970994976,5082.2281330169835,0.0002552410155653642,0.05609679297287032,0.0
2025-07-24,0.25144927203728307,0.25570639928241057,0.009498560642790149,0.037146354840731324,1.7312978947889016e-05,0.1873813307470709,10823.170946552698,0.0003147083927462467,0.014689036433854226,0.0
2025-07-25,0.13191534153133302,0.15868560985344748,0.03084940434425447,0.1944058088994026,1.7263705370461653e-05,0.08327632218376313,4823.780318114652,0.00024908241613887176,0.006216431132653512,0.0
2025-07-26,0.04530375282729785,0.04722166404855964,0.003390716896616144,0.07180426537127862,1.04880459953602e-05,0.013662169331325844,1302.6420114261362,3.940660918725666e-05,0.005708199669510177,0.0
2025-07-27,0.06478948848904532,0.07351495419024173,0.010934215054241372,0.148734569376808,1.349832705634898e-05,0.02077948917284414,1539.412186865812,5.688240020279547e-05,0.016768309005351922,0.0
2025-07-28,0.1233037274446586,0.13669686024616248,0.01730614079926044,0.12660232845213634,1.196008626722532e-05,0.04487124011100321,3751.748867728955,9.540034532622317e-05,0.03396799697694604,0.0
2025-07-29,0.11305824635892661,0.12359242768398847,0.01550786966260232,0.125475888395478,1.4388001351174774e-05,0.05911433309952914,4108.585456499313,0.00011594368522825184,0.01112700177114953,0.0
2025-07-30,0.10413579251395129,0.11780731424506476,0.01856246978811802,0.1575663608585801,1.5688226780972588e-05,0.06885552947321687,4388.993761661328,9.298763261178955e-05,0.006092596234067848,0.0
2025-07-31,0.06368442767974147,0.06773980411624876,0.005804328185010873,0.0856856358050582,1.3307505975576034e-05,0.03648401868899594,2741.61204631108,7.588932391320127e-05,0.0037123690939174303,0.0
2025-08-01,0.13834052797468033,0.13927849026209005,0.0022972567282215765,0.016493980685019404,1.2591415808316019e-05,0.11083514986901198,8802.437434860243,0.00033042011678399095,0.005610739416819104,0.0
2025-08-02,0.0889866061070844,0.09023421248054837,0.0015217627896290421,0.01686458769679057,9.28501759222846e-06,0.06457423189257347,6954.669848619561,0.0001332797191673076,0.0037206893089784736,0.0
2025-08-03,0.048044497781955575,0.058987825763978055,0.01359643823674048,0.23049566687103396,1.0030030487133675e-05,0.020643659434464084,2058.1851132900706,0.00012276359425754336,0.005087403187476228,0.0
2025-08-04,0.06581358620718893,0.06960986910289017,0.00556048827663325,0.07988074605361355,1.0952387633829257e-05,0.03260661077179711,2977.1235151578485,0.00014681723050383858,0.00627756229038269,0.0
2025-08-05,0.08388636046254885,0.08586307496831583,0.003484078785232378,0.04057714898421739,9.00534016818102e-06,0.044558813493608226,4948.043345552888,0.0001473696436975647,0.012887168798067877,0.0
2025-08-06,0.06384255472490193,0.0657612119368474,0.00344396855620958,0.05237081943558056,8.662930309319409e-06,0.03608981133053388,4166.005040085474,0.00011673618110905065,0.0061105366856466,0.0
2025-08-07,0.061759913818398446,0.06848583772504821,0.008897638859298724,0.12991939873788644,1.607515479110954e-05,0.024225366753456733,1507.006748504513,0.0001162780418056936,0.012390411603228084,0.0
2025-08-08,0.06039568017147859,0.06421424596165883,0.005594317954848402,0.08711957714474557,1.2801402227080283e-05,0.02941139432827871,2297.51349161277,8.118540266962555e-05,0.003627685364036494,0.0
2025-08-09,0.05409661766877816,0.0607315710604945,0.009097417576617422,0.14979717168119225,1.2953058683729298e-05,0.025594174182273034,1975.917411261527,5.212358961150375e-05,0.003170298075020922,0.0
2025-08-10,0.0836036540590217,0.09048275576522599,0.010694652038565802,0.1181954721440517,2.6646926251860414e-05,0.04972474216215584,1866.0592104383595,0.0001559632900104043,0.005473089192095538,0.0
2025-08-11,0.07854094160997938,0.0803115491881016,0.00329542190686026,0.04103297645450583,1.8349394351130852e-05,0.04942674163506709,2693.644307231371,0.00023997152795130733,0.005410927083674404,0.0
2025-08-12,0.06523975980584422,0.08245466805658737,0.019952016465808506,0.2419755841126635,1.4024602055890209e-05,0.037803916739469465,2695.5429172831437,0.0001423484359197006,0.0034803010577906255,0.0
2025-08-13,0.06920746991903956,0.07404720998430285,0.0061658442150369225,0.0832690957072388,1.7891332019291382e-05,0.035033956836162214,1958.1525175647485,0.0001874810422263553,0.004804991906719103,0.0
2025-08-14,0.13623627595164658,0.17195801040517572,0.04198488176107151,0.24415775492019662,3.193734192595463e-05,0.07528300390912879,2357.2094410257823,0.0004328687313718185,0.014799388525165278,0.0
2025-08-15,0.08594480092956486,0.09318645945714664,0.009402495797396956,0.10089980724850751,1.2786559122401216e-05,0.039041895212605204,3053.354294839677,0.00014260370426231835,0.0130263370926427,0.0
2025-08-16,0.0451459549774601,0.047074123138066845,0.0028191579437800997,0.05988763583575636,6.3724398678670255e-06,0.016746023677943235,2627.8825732644286,3.133186362398691e-05,0.009239682233005045,0.0
2025-08-17,0.037128750992327465,0.0382984486983214,0.0016875294817179703,0.04406260668704145,8.977085893845924e-06,0.01435789017641535,1599.393204676602,3.868541148245908e-05,0.0032777208008361613,0.0
2025-08-18,0.1047978527638286,0.11703080025164941,0.015205887071729209,0.1299306425234403,1.505766550200534e-05,0.052873829481558374,3511.422768324663,0.0002407664272800932,0.01038648970142056,0.0
2025-08-19,0.09672740463519383,0.09736240219518356,0.0011545090968992325,0.011857853451322764,9.908648260449955e-06,0.05343143164688621,5392.403710620754,0.00020743850244797,0.012315184366075363,0.0
2025-08-20,0.08586513494672006,0.09120414154170323,0.008703952266329628,0.09543373929296547,5.585817447810625e-06,0.056966498012490735,10198.417428557192,0.00025889800973315366,0.004951292244552717,0.0
2025-08-21,0.0601179761769438,0.06079601301751399,0.0010741577718634582,0.017668227216709374,1.3352206110472751e-05,0.03080135579693475,2306.8364539981017,0.00012429148007869694,0.008919541351723523,0.0
2025-08-22,0.0925291297953223,0.14283730816910212,0.05605304051390609,0.39242576909630683,2.3967327936466634e-05,0.059303419693428845,2474.3442343940997,0.0002756752224339379,0.004493699449644964,0.0
2025-08-23,0.05799754325975087,0.06317272715439191,0.008067026423762409,0.12769792895036622,1.8624378399641295e-05,0.027642828834289673,1484.2282647576615,8.424510673038301e-05,0.004906018135956689,0.0
2025-08-24,0.08837818446187742,0.10199588135989923,0.017009031615937354,0.16676194557229088,1.1048513953092573e-05,0.048874170749933346,4423.596780293973,0.00014615433850878463,0.016853148566175525,0.0
2025-08-25,0.08978360765250748,0.09265453891219894,0.004131487616918596,0.04459023449281493,7.706396151900399e-06,0.05045214093643126,6546.7878813873,0.0002818858379707839,0.011134472563110944,0.0
2025-08-26,0.09130777032511396,0.1400428394923368,0.055840231376356665,0.3987367835355285,2.694061942322155e-05,0.03375199011846708,1252.8290307005504,0.0002373846233523508,0.017960019094732157,0.0
2025-08-27,0.09923760716759471,0.10144837977964982,0.003814851009197106,0.03760386333900181,1.6100274097124407e-05,0.04072216932417227,2529.284226996201,0.0001525722843878081,0.036214609231878296,0.0
2025-08-28,0.18268193867758764,0.30011573192657076,0.1262216818768028,0.42057669241972767,9.16982511654297e-06,0.07513202996390098,8193.398348280147,0.00013244002432736326,0.0695508706680866,0.0
2025-08-29,0.1428955489569817,0.15930692877788377,0.01878505557804701,0.11791737950229632,1.2017136255755873e-05,0.05786695046992467,4815.369422328719,0.00031018646073680407,0.04109161016161972,0.0
2025-08-30,0.08373590981895095,0.08936814656322235,0.009819002504477153,0.10987139022213945,1.2177120823134242e-05,0.02880695713517748,2365.662421649761,0.0001629287387787074,0.018071493865466737,0.0
2025-08-31,0.03978686571824813,0.04432788704570761,0.006093314993878243,0.13746008212832864,1.0530240319038204e-05,0.01398472941922467,1328.054155985491,0.00011126452138302757,0.006917656149794416,0.0
2025-09-01,0.08125563833945293,0.08643153032684707,0.00878366272598764,0.10162567633329625,2.246008056779688e-05,0.0505375044517509,2250.10343570233,0.0004189358807754507,0.004649993192892761,0.0
2025-09-02,0.06666799940754839,0.08788410257380473,0.02429770653029175,0.2764744227761401,1.8742197853233022e-05,0.03531606123445567,1884.3073534390028,0.00013712530140576632,0.008255193742604064,0.0
2025-09-03,0.040180842627774216,0.04444875276314293,0.005989812430442103,0.1347577166531628,9.67883804501313e-06,0.01600651318712394,1653.7639242110313,0.00012723522031293105,0.004087673676984361,0.0
2025-09-04,0.037333888238864944,0.04484267210371254,0.008717994929115087,0.19441292233772398,1.2143856740520057e-05,0.014539908402248523,1197.3056593902027,0.00014483501842879352,0.0034857939699425517,0.0
2025-09-05,0.041737562075997554,0.04653022843846765,0.007328694764700836,0.15750394981173205,1.703285309173293e-05,0.018055757436077333,1060.0547858209898,0.0001472971419411247,0.0021456958457570117,0.0
2025-09-06,0.030378561186097806,0.031030807153350458,0.0013344851759617062,0.04300517125986583,8.075856761328747e-06,0.00989758099681312,1225.5765907349548,3.3260231711989416e-05,0.00883771505040511,0.0
2025-09-07,0.02100554618711262,0.022352510009086623,0.0019096699186632502,0.08543424957138779,6.328069903231193e-06,0.004551799930861307,719.3030419175838,4.261976373102718e-05,0.0029541402161400794,0.0
2025-09-08,0.06778933542946668,0.08134077835058344,0.014615002667892925,0.17967620871417558,1.1305668510151437e-05,0.026845604525773392,2374.526062007615,7.480938600760975e-05,0.02592625392192197,0.0
2025-09-09,0.07991153080436655,0.09315990895829758,0.015601896398113956,0.16747436287317585,1.1407326289531084e-05,0.02674067547178669,2344.1667918561757,0.0001132437306388037,0.014403945877804775,0.0
2025-09-10,0.061492251815683054,0.06551197222971153,0.006093399803958539,0.09301200370815596,1.4561450914952505e-05,0.01725670565650729,1185.0952049556508,9.003281998625334e-05,0.007905067549773099,0.0
2025-09-11,0.07151200109480456,0.0772472425755988,0.00762404866993036,0.09869670962648287,1.3910866351689045e-05,0.020928586388763694,1504.4775688052357,0.0001273189965664946,0.017659429711203004,0.0
2025-09-12,0.08589026019480214,0.08913249843227877,0.005260001596844114,0.05901328571913157,1.4620698581357775e-05,0.02063474878135849,1411.3380880219343,7.850814297048818e-05,0.019306237811378312,0.0
2025-09-13,0.06338575215152466,0.07016650097320876,0.010249224669908269,0.14607005519374078,1.3385142050235093e-05,0.028357635511919693,2118.5905540256576,4.2205765209990194e-05,0.005667083706902455,0.0
2025-09-14,0.08958136608657373,0.10059541818541369,0.013457946171108992,0.13378289403105628,8.355627776794531e-06,0.03463864112509363,4145.546217519762,5.965239278222826e-05,0.01624507073116945,0.0
2025-09-15,0.08494879864086971,0.08693255355985151,0.0036407736538238136,0.041880440694948715,1.2604127414905675e-05,0.04010127502432566,3181.59867036109,0.00012541103097162261,0.009972287703960718,0.0
2025-09-16,0.061271515216776526,0.07764344890866845,0.018144674223056677,0.23369227511261323,8.225179351616519e-06,0.019720748132808393,2397.6070660310425,8.592184629693709e-05,0.010951481663448089,0.0
2025-09-17,0.07905925462519275,0.08093436983808633,0.0027746307202278896,0.03428247758991256,1.2889304333442312e-05,0.044063531458750985,3418.612077024568,0.00015283737418462983,0.013831872055412482,0.0
2025-09-18,0.056837687521005875,0.062422246487233504,0.00583344397583916,0.09345136236056814,1.1062985822899032e-05,0.020776688404448053,1878.0362496210419,0.00010054248478545702,0.014260495544560832,0.0
2025-09-19,0.0629917258469165,0.0748257351547407,0.012540408665726406,0.16759486077607738,9.266097530156742e-06,0.02853411456110038,3079.4101258092096,5.374159951444299e-05,0.011335112877589289,0.0
2025-09-20,0.03909296335881643,0.04177662366437581,0.0032418295622640473,0.07759912788329167,3.1908053870125824e-06,0.012320669484233542,3861.303962435913,1.2081314538476675e-05,0.008081693031903656,0.0
2025-09-21,0.06467263420461358,0.08406164984759204,0.02152761430285831,0.2560931690240311,4.581439464369891e-06,0.02248831248706204,4908.569165205586,2.5008151421864856e-05,0.014926253076726086,0.0
2025-09-22,0.1270544537752712,0.16707815524453512,0.05001023771002651,0.2993224197192725,2.2470867329757348e-05,0.03994813539392382,1777.7745205687706,0.00018082118223179658,0.026683893708711656,0.0
2025-09-23,0.0938341306535954,0.10624955315941464,0.015804998958995498,0.1487535569705597,1.2574589751826332e-05,0.046287070798911006,3681.000470984612,0.00014154543063745362,0.007328507681555244,0.0
2025-09-24,0.07910779521640462,0.08638674444990731,0.009661672995851208,0.11184207782542006,1.4424002546229205e-05,0.028304509813934016,1962.3200788558877,7.993710736109276e-05,0.010367162620779599,0.0
2025-09-25,0.15600919605821065,0.1785292384558709,0.025834817636425186,0.14470916842459433,8.16522885633768e-06,0.05178063529838416,6341.60244733289,0.0001494218993021034,0.03580858978525151,0.0
2025-09-26,0.11558238156499308,0.12404130125052917,0.010530953823749615,0.08489876934199518,1.7355259011634388e-05,0.04504870700194937,2595.680477701325,0.00015704418170976538,0.040871428401255294,0.0
2025-09-27,0.05281983216338544,0.056837741559579574,0.004858364188304163,0.08547778386323518,4.085820625006511e-06,0.01276905230811723,3125.211182783356,1.810945721776717e-05,0.009493564049654669,0.0
2025-09-28,0.0450998341347348,0.047791932079786506,0.0036331452318514234,0.07602005346396226,1.2861404871061384e-05,0.013334316916001322,1036.76985910023,5.572836916776933e-05,0.00908782858839405,0.0
2025-09-29,0.08146165391996878,0.09470936685517552,0.016298948904152195,0.17209437086698798,1.7559416283454064e-05,0.02976880013100014,1695.3183209769204,0.00010993772246756234,0.011670850213958441,0.0
2025-09-30,0.07002729087390923,0.08197719577196795,0.014747979983474623,0.17990344564235125,1.6214228136909074e-05,0.018544452431083228,1143.7147839846766,9.945258859482674e-05,0.0066552224823135135,0.0
2025-10-01,0.06439499077691753,0.08155008114328696,0.021676821298330068,0.26580992924143104,2.524724509650644e-05,0.026630429516846788,1054.7855583867938,0.0001930634507977108,0.008694690684903368,0.0
2025-10-02,0.05748670993348062,0.059479735940049204,0.0030615342436695592,0.05147188694239228,1.3862619816487235e-05,0.022903061581761523,1652.1452571700925,0.00019979847030965784,0.008174212217755671,0.0
2025-10-03,0.058139110551827924,0.06422059546934535,0.008254460484758775,0.1285329172741618,2.2035848980359384e-05,0.03098225769729309,1405.9933758353338,0.00028589449424787627,0.005872747578896983,0.0
2025-10-04,0.04822940291219445,0.04947521429401781,0.0018302061412633797,0.03699238431564864,7.098038562083033e-06,0.01543014131431472,2173.859888102171,7.33418710091214e-05,0.011419425197155922,0.0
2025-10-05,0.05303467609927586,0.053565377612683145,0.00141729872935829,0.026459231550767667,1.3362701342289772e-05,0.0278067375681285,2080.921877684027,0.00018162655050330646,0.007424495471350388,0.0
2025-10-06,0.042465356385451,0.044203773678501174,0.0027549346283475933,0.0623235167292397,1.5601861151590976e-05,0.014529145503499243,931.2443792654606,9.927533534100528e-05,0.007798851451668259,0.0
2025-10-07,0.06321261617271179,0.06561684922235957,0.004117235961561588,0.06274662697700212,8.81249508473934e-06,0.03585620720919698,4068.791739956761,0.00023233111732854137,0.006947302206754632,0.0
2025-10-08,0.05517943625406923,0.0606221193782262,0.007067249661172023,0.11657872957358836,1.670594934425506e-05,0.02089189916608311,1250.566414130038,0.00014279512276207224,0.00820462518505226,0.0
2025-10-09,0.07000685421489038,0.07224163908391593,0.003440191748190461,0.04762062145619831,5.864233178883875e-06,0.02227390753149426,3798.264300215565,0.00016672181351382138,0.01061610946325379,0.0
2025-10-10,0.748621567594504,1.7331589978579944,1.0686946785953786,0.6166166404329751,3.3755506767775135e-05,0.4599765741803956,13626.712149364457,0.0007712243683680731,0.05969469548279421,0.0
2025-10-11,0.3089890104616661,0.3225743512999936,0.031590849426483554,0.09793354400053994,4.860994740926175e-05,0.21253977507751048,4372.3514713577915,0.0009459879596098434,0.019735602155271273,0.0
2025-10-12,0.16543718256395706,0.20977901172663127,0.05446645972905438,0.25963731681618896,4.783723472183397e-05,0.10014959383338906,2093.5489773968598,0.0006005508348105782,0.02531997910868003,0.0
2025-10-13,0.1097532224280729,0.121983301047595,0.012770095926514116,0.10468724667101381,2.2753707119047697e-05,0.05824480562579097,2559.7941171103844,0.00021660723623974514,0.01066463710425575,0.0
2025-10-14,0.13474782707812047,0.13648554599829243,0.00478670049912883,0.035071116608851136,1.171185804146965e-05,0.09070198797967911,7744.457596610134,0.00031875288105652743,0.010423097028729626,0.0
2025-10-15,0.07695948897422006,0.07908385730869417,0.0031066187558773904,0.039282590171987736,1.6283464956871842e-05,0.044636940858511644,2741.243401004419,0.0001730640729183719,0.006626686427232854,0.0
2025-10-16,0.1203531170517765,0.12201843855920987,0.004091703518879203,0.03353348532561077,9.027645592852181e-06,0.08230071933483693,9116.520856778003,0.0003497441574225158,0.00831627281174148,0.0
2025-10-17,0.17469404732375557,0.1778549683663938,0.006117305283323802,0.0343949080507086,1.5923240448287965e-05,0.1318265572446599,8278.877510691213,0.0007561119027849788,0.00844754382859758,0.0
2025-10-18,0.06633800255301815,0.07852219801315498,0.013820864860127083,0.17601220049662447,1.311122069886644e-05,0.028909335907767578,2204.9309192291303,9.380813135853549e-05,0.007692737745471373,0.0
2025-10-19,0.08417548874754413,0.10111351531565604,0.02068424358351978,0.20456457792954516,1.9009587549817112e-05,0.03702665941911795,1947.7886788487517,0.00019209673643373894,0.011578827284152823,0.0
2025-10-20,0.11970380709647879,0.12523194654332614,0.008581062607755046,0.06852135453141966,2.3574653857421526e-05,0.047515113014202776,2015.516889519231,0.00021500924227236854,0.04131220298693654,0.0
2025-10-21,0.1267227931340707,0.13117230156498022,0.008289618623760587,0.0631964105596948,2.713932365810704e-05,0.07367018214552523,2714.517984073583,0.0006898654928129708,0.01400805965391316,0.0
2025-10-22,0.09204118555822727,0.09559302197472808,0.007368201496051655,0.07707886353880083,1.2484567984360084e-05,0.04533524336368397,3631.302534495165,0.00017379191956595446,0.015080610994893193,0.0
2025-10-23,0.0584278627646011,0.06002160203755325,0.0026304896942627278,0.043825716158274644,1.2224391319859397e-05,0.022503802911126004,1840.8935318167514,0.00025445239981893605,0.0037814534103974805,0.0
2025-10-24,0.06793149245926869,0.06867147144081323,0.0016006646294035353,0.02330901895386239,8.250933982490076e-06,0.03154218792958917,3822.8627203328983,0.00015635069721392427,0.015693484619960743,0.0
2025-10-25,0.046009282189832135,0.048101756634278556,0.0034388259026746177,0.0714906511381753,9.999999956931094e-11,0.02422057890290954,242205790.0722492,4.180740037629365e-05,0.023301039920763243,0.0
2025-10-26,0.09616247426255212,0.12014161121536057,0.02826154741634758,0.23523529550213182,1.6326228207175412e-05,0.03473756686119276,2127.7153804530017,0.00011643940251395202,0.03208725185306662,0.0
2025-10-27,0.10888413890784744,0.11786346522002716,0.010617009541497262,0.0900788851038569,1.466164093221999e-05,0.027770214630881022,1894.0727548342843,0.000142948880918707,0.019708352477907008,0.0
2025-10-28,0.12720339106093614,0.1643324739743021,0.04159188661749839,0.2530959682625019,1.4344473180390495e-05,0.03985987230900069,2778.761674112287,0.00020742055226882712,0.027284198047939464,0.0
2025-10-29,0.08411621098392638,0.08825407192562514,0.005764451966187858,0.06531655526382701,1.6103301262501045e-05,0.040541554684620604,2517.592760872437,0.00024885120137533434,0.009042393635125072,0.0
2025-10-30,0.11464486402551438,0.1204117124212417,0.008748155234617451,0.07265202909841019,1.643376541318606e-05,0.05570670642593033,3389.771304708573,0.0003828075475669927,0.011976716338013999,0.0
2025-10-31,0.0852104931821133,0.08673552625990995,0.001929565729995761,0.02224654433079316,8.5546675569455e-06,0.032541495195291426,3803.9462058196655,0.0003277335018410856,0.01113861769235282,0.0
2025-11-01,0.0868569657672772,0.0888407650205155,0.0030456663801396227,0.034282306995401315,9.95731370958794e-06,0.03442777135500724,3457.5360743989204,4.477107178988191e-05,0.028383093012600016,0.0
2025-11-02,0.0840468311682956,0.10136487219062064,0.018956155556022924,0.1870091200862477,8.343022746742557e-06,0.027235025808033893,3264.407473738162,7.773257547613343e-05,0.013343241529891825,0.0
2025-11-03,0.19894141845659646,0.23037247860221916,0.040886508912488295,0.17748000612124526,3.299943017684243e-05,0.11471498434620572,3476.2716729183926,0.0005012906549014452,0.01513500275391101,0.0
2025-11-04,0.4456495315373842,0.45790321871100825,0.020170239321180013,0.04404913199334781,3.700702980041404e-05,0.35051808269523377,9471.662129753307,0.0017886690324701005,0.01858109242641871,0.0
2025-11-05,0.18129851521615375,0.2079142887992721,0.035713973781264584,0.17177257988143438,3.916616761949902e-05,0.1282508008040419,3274.5302540193325,0.0012007645496060395,0.009324075170207995,0.0
2025-11-06,0.19785052040608014,0.20879633949499551,0.015381777551331735,0.07366880850753808,1.8238434672867843e-05,0.08447177857956228,4631.525681599505,0.0005501425489547212,0.0492908142219058,0.0
2025-11-07,0.20728461207930324,0.20728461207930324,5e-09,2.4121423919721997e-08,2.496052791398693e-05,0.13356373593180687,5350.998039467059,0.0005873947674311663,0.014351370424070134,0.0
2025-11-08,0.11550510699906082,0.12175698210628573,0.008984956558879148,0.07379417922034139,1.6486867847170945e-05,0.06442038461768515,3907.3755679274964,0.00018878328067013192,0.00590274378469181,0.0
2025-11-09,0.11230158169252885,0.11876228970262473,0.010043813017146633,0.08457072562591944,2.062944481406299e-05,0.06397724182098846,3101.258535924122,0.0003009930073829081,0.0048878152107368275,0.0
2025-11-10,0.1107624972865406,0.11810205779208643,0.010673192768289373,0.09037262320254459,2.03864903959163e-05,0.0628950571593806,3085.1341225451615,0.0003652343368908704,0.007897928190731901,0.0
2025-11-11,0.17084459128706522,0.19678747657609827,0.030841524268410834,0.15672503558164347,1.6290138113272428e-05,0.0645643724750824,3963.4023988095246,0.00033643157100845535,0.027676687447358246,0.0
2025-11-12,0.12783910122690664,0.14148950886990314,0.015192335667144272,0.10737429077595662,1.0727117670708686e-05,0.05856740234057217,5459.752017123433,0.0003716000217955573,0.009797265460759173,0.0
2025-11-13,0.12260252551084218,0.13204177683118967,0.011967526705604227,0.09063439611922407,2.212899261935967e-05,0.06789047926532735,3067.9426051203523,0.0005108069036329416,0.017696626601167928,0.0
2025-11-14,0.17905405315770376,0.19420460562959743,0.018205367140659314,0.09374323065943167,2.730896764171957e-05,0.11654850571482453,4267.774133533148,0.0010179561991364168,0.017402568818507276,0.0
2025-11-15,0.05781342831616572,0.058779608801353564,0.0016460450666456643,0.028003675087537493,1.2833622685233266e-05,0.027516948682243705,2144.1294759199595,0.00020919550061961878,0.0031610965123645314,0.0
2025-11-16,0.1338604729301453,0.15776397907013454,0.025956342923959277,0.16452642153770913,1.5448661653498123e-05,0.06907790348587944,4471.44905074918,0.00046641946393451535,0.024429385522904218,0.0
2025-11-17,0.14358331475930772,0.16002135622159014,0.02106170946226135,0.1316181162287868,3.6199349741097774e-05,0.08448948996613934,2334.0057368549055,0.0007953797630908872,0.012501575736191574,0.0
2025-11-18,0.14123359160387947,0.14437553926950875,0.004226755101919232,0.0292761164620072,6.031131510661618e-06,0.09130220254421947,15138.48643207642,0.0009636520055730294,0.0060504028134020305,0.0
2025-11-19,0.1248051643342267,0.12763187513773594,0.004143141809614251,0.03246165430965513,9.762469888687614e-06,0.08531665269392055,8739.248742040403,0.000857828021479781,0.007035698856039443,0.0
2025-11-20,0.12828844746172444,0.13688282241404415,0.01483010446509076,0.10834160344993876,3.1973538517670066e-05,0.0783999715244816,2452.026743338218,0.0010585075176811004,0.00501553190852634,0.0
2025-11-21,0.32825595356398873,0.3837496997772453,0.06557408900931758,0.17087723859427456,6.393941143185779e-07,0.2418695889792955,378279.34846892266,0.0029072369811323495,0.034747996956661274,0.0
2025-11-22,0.15401306700262202,0.171854454549067,0.020744396494650222,0.12070909973839164,1.9599028046264723e-05,0.0650578251595918,3319.441403217484,0.0003403488149962499,0.018254507650937547,0.0
2025-11-23,0.17915200143778612,0.2784484505454573,0.10406028604215099,0.37371472471226025,2.0867681573144384e-05,0.0488609645138713,2341.465885542015,0.0006841367697578583,0.030841808502579726,0.0
2025-11-24,0.14405686454857408,0.1508259505756544,0.009487497404775936,0.0629036141895025,1.612134587507011e-05,0.06890200490142634,4273.961084599997,0.0008394603274755859,0.02595021081433192,0.0
2025-11-25,0.1271771607330542,0.13510343658373858,0.010068456311324997,0.07452405775840097,7.611604000574748e-06,0.050836149738901576,6678.769643699668,0.00046989668838976476,0.020483979314289788,0.0
2025-11-26,0.07465383310069457,0.07935329109519002,0.007903627497701224,0.09960050035253422,2.467214237726902e-05,0.028086521530561175,1138.3900555161313,0.0003943186523235426,0.007674965163875371,0.0
2025-11-27,0.1801818138347583,0.22469997350265739,0.05390122107487294,0.23988085194071232,2.4275621206593886e-05,0.054544742341993815,2246.893781946888,0.0003410901501577653,0.026138122512115496,0.0
2025-11-28,0.18873386669422573,0.23448149357389178,0.05424272838256019,0.23133053084834077,3.191183156483429e-05,0.032452107469280976,1016.930269368871,0.00040106341506502185,0.026169451759797607,0.0
2025-11-29,0.09704270400187011,0.1038239959250288,0.010753104615665825,0.1035705139246483,1.0562961107692205e-05,0.01359829591791225,1287.3564315227518,0.00010550645677940455,0.008595039863396159,0.0
2025-11-30,0.09988289500741844,0.1201687091205447,0.026176581078772188,0.2178319237207891,1.029579830134199e-05,0.01466480184500664,1424.3482065004303,0.00010835002993270928,0.008463509946063503,0.0
2025-12-01,0.15138012147672852,0.17010121150693247,0.027255135850761315,0.16022893434624674,2.0561320056770154e-05,0.06787933120968401,3301.3119304727525,0.0005839006442075233,0.009007905072673262,0.0
2025-12-02,0.1342369452150227,0.1462579624945081,0.01657362097025746,0.11331773455328827,3.8873880643838104e-05,0.059974679589831326,1542.8014542545525,0.0008179586802381063,0.017496998903597263,0.0
2025-12-03,0.08861511971222502,0.09289334490208964,0.00778434167595611,0.08379870144799792,3.939712140783403e-05,0.032944135858761575,836.2066740289991,0.000511054541993914,0.010074046824900275,0.0
2025-12-04,0.06532515294288878,0.06711084307267258,0.0035854243765035976,0.05342541104156649,1.2097368397696371e-05,0.02871185878312074,2373.397076060622,0.0004154731614037084,0.00488056979721459,0.0
2025-12-05,0.1126331996733365,0.1219912017187505,0.013593840535690977,0.11143295864099644,2.405329778048992e-05,0.05907837476850519,2456.1444882798883,0.0006710252420400939,0.0075375670145471745,0.0
2025-12-06,0.049328678069934025,0.054063802882010015,0.006894965233672285,0.12753385566901393,1.0822635926405944e-05,0.011762199674099416,1086.8146867438318,0.00011512383822905221,0.00338528643977638,0.0
2025-12-07,0.12591559407311076,0.1473578795975313,0.02538172039042197,0.17224542358878508,1.5129992641330294e-05,0.06195393349494213,4094.776181562959,0.0005554828820576768,0.016320111256307807,0.0
2025-12-08,0.06311820241081012,0.06807630436566793,0.007094992578697589,0.10422117717476623,1.8845321850239226e-05,0.02726001924784463,1446.5138597512776,0.00034648748583816595,0.00391568401086044,0.0
2025-12-09,0.0908392654894267,0.09516666615398633,0.009131390343736043,0.09595156279784786,3.79540195307073e-05,0.054907452429743445,1446.6834635345988,0.000553769942709796,0.004880039178662671,0.0
2025-12-10,0.06984893905456586,0.07404463073270555,0.006760802081209366,0.09130712131734782,2.487820127368706e-05,0.03394017918703926,1364.2537422083158,0.00033375851776462406,0.004988569396086072,0.0
2025-12-11,0.07937122254113729,0.08505535019635144,0.008682885478069825,0.10208511819685963,2.4899880665431527e-05,0.04012893684478436,1611.611613082761,0.0003915442236892055,0.0036939555790511903,0.0
2025-12-12,0.08139312229564406,0.08299759096627389,0.004127300184444076,0.04972795157538014,2.5529000192443784e-05,0.043000535222957596,1684.3799169105391,0.0003302258038671299,0.006231759049721631,0.0
2025-12-13,0.07824141415667371,0.11469027667382099,0.03923619474293604,0.3421056769661802,6.865344809018693e-06,0.021699704408740854,3160.7595848987708,3.4885709160107545e-05,0.01952996879465923,0.0
2025-12-14,0.07264250058085267,0.09822763234501768,0.027185338539222486,0.27675856467491644,1.0222425226462165e-05,0.019465189315164465,1904.1654875377442,0.00013030431931505015,0.01683950324398031,0.0
2025-12-15,0.10440204824218854,0.11016903917018256,0.010681388866072809,0.09695454318679168,2.9681607299486852e-05,0.051016914261129837,1718.8056477659766,0.0005112713806706511,0.007994780227668051,0.0
2025-12-16,0.10433911324588185,0.12321972662306561,0.021467777597694374,0.17422354509327242,1.1737111098361411e-05,0.03898443882457833,3321.4679913885157,0.0004240398485117642,0.014021914705450458,0.0
2025-12-17,0.14324203047560904,0.1855172518031957,0.05017843454978302,0.2704785353494475,2.9627758480768013e-05,0.0766872280713907,2588.3574054773653,0.0008715781010390817,0.014060693015336134,0.0
2025-12-18,0.13944483572246438,0.16909579204878697,0.03668109650385285,0.21692495158761693,2.0257704885493005e-05,0.07431591108073934,3668.525704210383,0.0007949761525586906,0.017405037655149266,0.0
2025-12-19,0.12430887034333934,0.15022942833752576,0.03003126403379546,0.1999026713083349,1.5307185718192626e-05,0.06003370979102643,3921.929928613607,0.000724298528746062,0.016415336505901615,0.0
2025-12-20,0.13282603479533195,0.13734170048178843,0.006400964897806383,0.0466061281850457,5.5940470097424116e-06,0.08077783009634715,14439.962688133848,7.433822226377803e-05,0.07956732461427615,0.0
2025-12-21,0.1029401493406055,0.11297131791346927,0.01564748634133361,0.13850848720131645,9.843865395425317e-06,0.029225971940699022,2968.9528215492505,0.00015323908545664526,0.016496377267557948,0.0
2025-12-22,0.10001780073585982,0.10458244399565585,0.006566098467774151,0.0627839455353223,1.9532072652057898e-05,0.035988439573581395,1842.5304991782148,0.0003332929830864917,0.0344499482452127,0.0
2025-12-23,0.09534588321677158,0.09771885562186801,0.0042864067430720436,0.04386468420852864,1.1996636959948461e-05,0.03490304845160097,2909.4027407953604,0.00031535027536488817,0.02786729100117565,0.0
2025-12-24,0.07754297919124357,0.09020603536677214,0.014577824804896106,0.1616058697804817,1.2519922760871994e-05,0.021000675066333366,1677.3805611617606,0.00014187817652667957,0.0178960859934261,0.0
2025-12-25,0.07161413709839719,0.07550599178487888,0.0062985184136704125,0.08341746482339138,6.960987274852503e-06,0.02146681251164089,3083.8746953600416,0.00012245013949160473,0.00889479343216375,0.0
2025-12-26,0.06280683061465979,0.07516203027901469,0.015951317825108936,0.2122257443804383,2.382451269671472e-05,0.026203464142943896,1099.8530998939264,0.00033928162586939877,0.0048108034359318035,0.0
2025-12-27,0.06032062757492935,0.0724622515790147,0.015374250081043312,0.21216909143761334,3.3549955351951505e-06,0.010847749263325669,3233.312578073129,1.659258726277708e-05,0.008580104947410516,0.0
2025-12-28,0.07083215285087609,0.10793274637530846,0.03983850467607573,0.36910489183280426,6.5473198733757535e-06,0.013456495732800191,2055.267803169377,2.316786423828188e-05,0.012318589308308023,0.0
2025-12-29,0.15457089210657907,0.18088103295129992,0.03136704153783913,0.17341255202962236,1.7089062544120472e-05,0.07104092351342137,4157.098923946717,0.0003303155670770876,0.06753924740561888,0.0
2025-12-30,0.0639237100710997,0.06925443134177456,0.007287380940328122,0.10522620428957799,1.3877789142222122e-05,0.01411064802343832,1016.7792491174075,0.00019286338273164457,0.009440860299357553,0.0
2025-12-31,0.07983729419905264,0.10067571504917133,0.025365010187155933,0.25194765365974636,6.34085226043316e-06,0.019986358143163113,3151.9987096809905,9.848994955410976e-05,0.01799484270912896,0.0
2026-01-01,0.07895863710133641,0.09105903773865362,0.014433322092851938,0.15850510230820442,5.565982573388108e-06,0.0296178987958087,5321.234553880356,4.127907919822125e-05,0.026620953267375434,0.0
2026-01-02,0.0954833554907703,0.10264723336203922,0.011083241153552201,0.10797408552124681,1.8752712552130045e-05,0.04090729085655223,2181.406596130315,0.00025194419108364585,0.010939798318275936,0.0
2026-01-03,0.07089190927329318,0.07357777637803405,0.005053442310568454,0.06868163947500201,6.340231272363984e-06,0.03151569751039533,4970.748882263495,9.46575367804074e-05,0.00915767790961907,0.0
2026-01-04,0.082458915384776,0.08699551612400284,0.006728214918295803,0.07733978965887678,7.17000097140656e-06,0.034684544844841965,4837.453297867238,7.901414639357607e-05,0.013596315580306686,0.0
2026-01-05,0.11217747858878369,0.1276020801036722,0.01969985093247766,0.15438502974616264,1.6275794769890426e-05,0.04467488795070773,2744.8667535028458,0.0002886693749893381,0.015150798299629264,0.0
2026-01-06,0.1225551929411866,0.12603124291418105,0.006674250589153134,0.05295711154493539,3.339834929838027e-05,0.06464912491109162,1935.6982087203614,0.000375817657925104,0.008617970954471145,0.0
2026-01-07,0.16410685260172322,0.17461722690068107,0.014864300952969351,0.0851250544794408,1.7072329176825827e-05,0.049721832811746976,2912.4223353917023,0.0002565278249928823,0.03504504792017025,0.0
2026-01-08,0.14623867865941745,0.17709424625054604,0.03562556995339815,0.20116729203610872,1.2094117539011996e-05,0.05316867462065672,4396.242590594189,0.0003119759748307697,0.018692294490103435,0.0
2026-01-09,0.09057489348778847,0.10008216784443293,0.013527935261037845,0.13516828774198397,2.064760131617236e-05,0.0432019732125689,2092.348285450993,0.00025448724896584416,0.00552588067255866,0.0
2026-01-10,0.05295515704025893,0.05981980641551881,0.007900027563705574,0.13206374338343063,3.872354372792622e-07,0.014326333460243246,36996.44216681424,1.443155497718806e-05,0.012090896212308641,0.0
2026-01-11,0.04785530814671912,0.049037503208788705,0.0028091286778254444,0.057285312138852545,5.516718548970709e-06,0.01656441517278543,3002.5847840064207,3.642239896606168e-05,0.005822693673306046,0.0
2026-01-12,0.07886088678083548,0.082611126810934,0.005791461867638038,0.0701051067962374,1.2551645454630027e-05,0.04559758956149569,3632.797765545213,0.00037108479025766984,0.003916786993504693,0.0
2026-01-13,0.10131863061295078,0.16328510514585845,0.06951642621277913,0.4257364819080214,2.263548729284866e-05,0.035903692941858134,1586.1683239839667,0.0003276436581017558,0.01363007859410473,0.0
2026-01-14,0.10766141731152112,0.12008810876322672,0.015877445905644796,0.1322149717333776,1.6245932239434653e-05,0.028702367851661567,1766.741817498827,0.00033748233794812663,0.01579063675013866,0.0
2026-01-15,0.09615379309097769,0.11851056538942555,0.025015058729195218,0.21107872236535005,1.534053917965034e-05,0.038172050637313104,2488.31218970122,0.0003004452440314353,0.014984993927034401,0.0
2026-01-16,0.08139195083065613,0.0861287679544606,0.007578210143319591,0.08798697953425347,8.424884566134415e-06,0.02707590510459952,3213.8013158585914,0.0001289459593840256,0.018741885606741008,0.0
2026-01-17,0.1003012048226955,0.10342068121756867,0.003949368637396753,0.038187416587291356,4.476774398003619e-06,0.05395851254330028,12052.988993004123,2.4954023577100144e-05,0.05187112427313991,0.0
2026-01-18,0.1526469040206246,0.17016149290994703,0.023909044240168306,0.14050796000491994,4.792753024666939e-06,0.055840405198369567,11651.00828500339,3.953588655433131e-05,0.03959844110889701,0.0
2026-01-19,0.08308709905052021,0.09219225936667183,0.013623085036210606,0.14776820884742792,1.3648668597914585e-05,0.022039479199089343,1614.7713633003596,0.00012724987876527015,0.01561394852574751,0.0
2026-01-20,0.1007455236083435,0.11195999556764809,0.013681781609135578,0.12220241292229078,2.041343029837723e-05,0.032394277233781923,1586.9100273831543,0.000357453126088661,0.02635902417175535,0.0
2026-01-21,0.17779657394876291,0.18722701922811882,0.015542308469813828,0.08301317050226047,3.4435973193652724e-05,0.09265083125357734,2690.5245492134036,0.0006614809645855222,0.02343649326513675,0.0
2026-01-22,0.07440052388618613,0.0771619715050305,0.003993468267614387,0.05175435761583719,1.2639128645407351e-05,0.02218969973404597,1755.635246430456,0.0001786372732508795,0.01405014464533962,0.0
2026-01-23,0.08866664465815403,0.09591317528713757,0.010350055582325629,0.10791067599774921,9.079681076003872e-06,0.030940946301665127,3407.71289681496,0.00031525310697764315,0.017518375820906016,0.0
2026-01-24,0.04817675879500967,0.048569932191247236,0.0006736418166239686,0.01386952351449577,3.0987005366433693e-06,0.013211902267307379,4263.691218648387,1.9330153138210652e-05,0.011880561271727416,0.0
2026-01-25,0.252557358022084,0.2808022179460843,0.040884777258645186,0.1455999085680132,1.9239921212573495e-05,0.13076231895351115,6796.4061551383365,0.00021868647295805532,0.12910786545183178,0.0
2026-01-26,0.15259955933041106,0.17790922002769632,0.0316514666456174,0.17790796137878637,2.8773676770203355e-05,0.04307992431631502,1497.199146996971,0.00035430388648428283,0.028577223283270763,0.0
2026-01-27,0.10233610968795002,0.10760591286263838,0.008220886015847978,0.07639808814541765,1.8567752231017087e-05,0.03512933147386117,1891.9539121799717,0.00029732074037442204,0.012718622309802554,0.0
2026-01-28,0.06792752360486101,0.0694016136747536,0.002426865823714247,0.03496843510134511,1.2998318635821695e-05,0.019644736110555755,1511.3290157711158,0.00020896633282478498,0.008536312404339089,0.0
2026-01-29,0.1114083137233236,0.1293292321988359,0.02362904262147166,0.18270457668180873,2.1577034874161224e-05,0.05024608068236454,2328.68329570783,0.0004118031609262326,0.010300410085072502,0.0
2026-01-30,0.139642427411289,0.1437843736011134,0.0071494120400347055,0.04972315044379304,1.3679266134830859e-05,0.09096879225228845,6650.122262089702,0.0010427287293357057,0.006724518165602214,0.0
2026-01-31,0.3795521376582647,0.4142322556478078,0.05332368382585786,0.12872895120749647,4.120351704492246e-05,0.15145792001229463,3675.849317599914,0.0010310608596368939,0.062495619046692416,0.0
2026-02-01,0.5129278586389814,0.6969783569201944,0.20591244584365606,0.2954359253758485,3.1760948492406945e-05,0.1785338882917158,5621.176216900377,0.0009763692121982348,0.14447259632979104,0.0
2026-02-02,0.25268565732186116,0.2870049441806106,0.04683095810419447,0.163171259080206,3.569350840634003e-05,0.13983720136641908,3917.720829639168,0.0014138076550260787,0.030892382819554018,0.0
2026-02-03,0.2317179283154671,0.2602201881052264,0.04041178117977757,0.15529840891297825,5.4387118113404826e-05,0.14518871815614487,2669.542406225788,0.0008578101582341217,0.013356839441485097,0.0
2026-02-04,0.13936860983674676,0.14533550139828938,0.010509471460923632,0.07231179828610912,3.586159941762145e-05,0.08457572150681429,2358.3923439080077,0.0006166357471601315,0.0057197090584786454,0.0
2026-02-05,0.3217882565006189,0.34834455256928126,0.03365397270606645,0.09661116402666613,2.151531029741726e-05,0.24072560560521195,11188.572336514668,0.0036474728306091953,0.012643746740088543,0.0
2026-02-06,0.35044978368199314,0.4363848330287449,0.10185584999594241,0.2334083182703857,8.35505686331624e-05,0.24851497836799602,2974.4259366938277,0.0029678059888269557,0.018797739634271702,0.0
2026-02-07,0.22715078036514696,0.23821158678768972,0.01861124859227818,0.07812906518634537,3.396961359996809e-05,0.1191734429834074,3508.2366372138936,0.001288650714151553,0.019060384253264253,0.0
2026-02-08,0.11338249141313805,0.13041203543810875,0.021243579067601027,0.16289584773548646,2.0045111489566113e-05,0.050403519765723326,2514.504336479215,0.0006386234258993275,0.007208453233813298,0.0
2026-02-09,0.1833817294662442,0.42790341976321805,0.24986152416558474,0.5839203722743009,2.175688938381747e-05,0.06703923396713798,3081.287622715084,0.0008063313685802256,0.05894596585107621,0.0
2026-02-10,0.13524150650419176,0.16522817809236054,0.032861531905431646,0.19888576079960435,1.8357623260834768e-05,0.03782630272568853,2060.5228786010325,0.00042641528061827767,0.033694078775932994,0.0
2026-02-11,0.19008771878528877,0.20904612678725806,0.02532786493427108,0.12115921650175669,2.6659410383795746e-05,0.09008120944595299,3378.964806389964,0.0011107595217928826,0.03590116205007535,0.0
2026-02-12,0.2627834591946247,0.2842913642562997,0.028108586820069798,0.09887246098241949,1.201635626561055e-05,0.11203073069017655,9323.186514600586,0.0005597101198234491,0.10586137896636057,0.0
2026-02-13,0.12122606059403362,0.16958790246100225,0.05718381634570324,0.3371927803568005,3.958150810010477e-05,0.030834436762941758,779.0111656422748,0.0004899150428133179,0.013656084765073588,0.0
2026-02-14,0.22221328865639592,0.2710502910200402,0.06053538379976906,0.22333635419448178,1.5448210439178363e-05,0.07286298964830187,4716.597429532246,0.00046842812223602676,0.05015398976669362,0.0
2026-02-15,0.16210099736618477,0.1797804129909362,0.02382239850282333,0.13250830892253185,2.9682296038751182e-05,0.06469500227436364,2179.582138453921,0.0006551207390420261,0.02086571982137643,0.0
2026-02-16,0.09715432577346912,0.10138570321347183,0.006356720434973684,0.06269839073453329,2.700963562144101e-05,0.045741294700101645,1693.5176520408486,0.0005699041748654083,0.009866879545388224,0.0
2026-02-17,0.08234326938768845,0.0856870944974324,0.005977160445020878,0.06975566717576102,3.0116050065270144e-05,0.03609340563536896,1198.4774084630676,0.00036444515910462593,0.007544898704484303,0.0
2026-02-18,0.0886757086283933,0.10427021163912809,0.017974853417348113,0.1723872344247063,9.824953200931326e-06,0.026976370288275757,2745.6996218280833,0.00026192903648979485,0.020060037857851716,0.0
2026-02-19,0.1133167163096719,0.1469119176187607,0.03804900902043994,0.2589919840211865,1.7475652408519957e-05,0.037488432685811236,2145.180723984553,0.00038579990113577595,0.031112826979128292,0.0
2026-02-20,0.10334580506014471,0.11548075661962175,0.014055567042226307,0.12171349975237412,1.7207166381939327e-05,0.04696349844017751,2729.298793174365,0.0004229440347875328,0.007525502376006728,0.0
2026-02-21,0.06072881827650691,0.06335306605364997,0.004161486956256066,0.06568722266309808,1.222285829085059e-05,0.013627115036551188,1114.8877547530558,0.0001352005903250517,0.00917106961100323,0.0
2026-02-22,0.053033470601402094,0.05930483753287504,0.009016122805554186,0.15203014088953853,9.739535140539176e-06,0.016146976225392184,1657.879559177636,0.0001003906127929458,0.003853435758595787,0.0
2026-02-23,0.10539051014372848,0.13605340170683755,0.037636299481795414,0.276628875203669,4.1753869936043935e-05,0.05421087405446025,1298.343701733449,0.0006103617975551545,0.0070568313316852396,0.0
2026-02-24,0.09546875398311118,0.09835448319924765,0.006322621775685476,0.0642840221413907,1.2074546684044615e-05,0.03804261615949797,3150.64549874719,0.0006400435229986444,0.011898427862736285,0.0
2026-02-25,0.12443531028888706,0.14045582882446003,0.02231152465859676,0.15885082766113914,5.8049779164157056e-05,0.06941257239316193,1195.7422300758872,0.0007597454179297476,0.009207160250364704,0.0
2026-02-26,0.10320269368424488,0.10934117781385118,0.008040556968339998,0.0735364034767278,2.8295260452178463e-05,0.04811230835082486,1700.3663363388719,0.0006328827340882442,0.005001062038052928,0.0
2026-02-27,0.12437158954563642,0.13897063623971562,0.017576783153616365,0.12647839593464563,1.5924359681762014e-05,0.04621176715873971,2901.9544950159293,0.0004641045579451814,0.04231465028963119,0.0
2026-02-28,0.17920005415190782,0.1850282109250421,0.012152124975670973,0.06567714682489144,2.02632540783233e-05,0.11355606918828334,5604.039151330606,0.0007275697030700015,0.020526927301203732,0.0
2026-03-01,0.12943115655596368,0.13320548402296623,0.0079136951857431,0.05940968004274271,2.2423186632320704e-05,0.08822889212086582,3934.7169324137453,0.0005669999033099759,0.010975806444084003,0.0
2026-03-02,0.12590088387550213,0.13919189474581278,0.017915341606592153,0.12870966114304647,2.7244467533830297e-05,0.06877771802938067,2524.465488047335,0.0007400209364520451,0.01716521584221477,0.0
2026-03-03,0.09289585056411545,0.10416152426214154,0.012761731142177877,0.122518667354182,1.1436956158839695e-05,0.04489077426563201,3925.0630711682543,0.0006067393812037548,0.009623956980157618,0.0
2026-03-04,0.14203396408559954,0.14812460920117976,0.008875041330209592,0.0599160489136258,3.0471726451663632e-05,0.06786405342567617,2227.11547156105,0.0007042106206661462,0.017370195025795215,0.0
2026-03-05,0.08103340119033975,0.08578643935521824,0.006916838502966629,0.08062857667195963,1.6957217443208245e-05,0.04328975318833859,2552.8807030588105,0.0005923259269869002,0.006521181588741367,0.0
2026-03-06,0.060773356525899866,0.06319423096699327,0.0040981070147415866,0.06484938501557291,1.4490249094718515e-05,0.027381267039875784,1889.6339780560334,0.00036711060378072147,0.004588876308497135,0.0
2026-03-07,0.06063792004997014,0.0653679992385755,0.0067800349754177265,0.10372101111237066,1.2109594179857167e-05,0.021397609485209204,1766.9964135380785,0.0001844180031011336,0.020224465023743508,0.0
2026-03-08,0.07332546501694491,0.07382283019308913,0.0010594730727121339,0.014351564007245493,9.794288656095369e-06,0.03083912968144082,3148.6849902313656,0.00037440115003033674,0.011295304550317823,0.0
2026-03-09,0.0648165137859277,0.06910729064470954,0.006240674155384734,0.09030413574551681,1.9622983913287802e-05,0.03148047545237194,1604.2654670401466,0.0003909833161311205,0.004435544954063533,0.0
2026-03-10,0.07857828404267668,0.07902473676213494,0.001466145133168322,0.018552989775612035,1.4832970805476772e-05,0.03852274427605075,2597.102413349793,0.0003084544801397096,0.00983843725881905,0.0
2026-03-11,0.06953252276569158,0.0711391664374364,0.003085792635153585,0.04337684555057862,2.24971106576284e-05,0.021156227525064533,940.3975402454984,0.00030027804738875916,0.009711610573261887,0.0
2026-03-12,0.04458014385341863,0.045169613142036366,0.0011108820979687923,0.024593571223991022,8.313560425512127e-06,0.01599844165499075,1924.3790669874422,0.00021832971073265024,0.0032202413140875416,0.0
2026-03-13,0.06684909727058684,0.07071574304583175,0.00609703154613824,0.08621887126586053,2.5124120441012807e-05,0.03106048872270118,1236.28163603283,0.00017971716451993498,0.0060016296212022,0.0
2026-03-14,0.05011141979510136,0.057987674685249506,0.009203104614402617,0.15870794378902106,7.4888932040800665e-06,0.013333820886111205,1780.4795078192235,0.00011190648518226052,0.010574314928333725,0.0
2026-03-15,0.07872638542695619,0.09420067546256551,0.01955072168552107,0.20754332800182893,1.80632376584463e-05,0.01961695649135498,1086.0155229249372,0.0002573023896305181,0.014053069087498298,0.0
2026-03-16,0.09018324267573692,0.10440640227821313,0.018995387415941783,0.18193699812895114,4.868162826178391e-05,0.0278991991545268,573.0950288782401,0.0003055253054079746,0.007345023606561274,0.0
2026-03-17,0.13954586076348718,0.15155075417687364,0.015843622922904036,0.10454334595005099,2.8385980469831115e-05,0.04207325890975767,1482.1844520915358,0.00037920177553243863,0.03849769266621205,0.0
2026-03-18,0.1243988958052056,0.1482517465949745,0.02988477601335717,0.20158127441832255,2.46347623090626e-05,0.043484622093544645,1765.1731950158735,0.0005276101608720319,0.020939050716419588,0.0
2026-03-19,0.07594375210195915,0.08808648926339133,0.014219260761831812,0.16142385603896833,1.3379045243137358e-05,0.026223315506876933,1960.0289131489342,0.0004640639406109813,0.007819236106181723,0.0
2026-03-20,0.0608561132921749,0.06168770875689709,0.0017629165242923196,0.028578084027074745,1.3232200669905681e-05,0.020383549871195374,1540.4504798324424,0.0002325000706629229,0.009019942591254309,0.0
2026-03-21,0.05319832688902513,0.058129725468001534,0.006603785238344367,0.11360427363414144,7.073167223527253e-06,0.013584870658051834,1920.6205973562885,8.740123981767527e-05,0.010341115248061928,0.0
2026-03-22,0.05148628587457025,0.056564912640615354,0.006547438994441044,0.11575089023897442,8.47948693689572e-06,0.016721883612553792,1972.0395510952405,0.00026238334817348384,0.004684825535198301,0.0
2026-03-23,0.08037770378360835,0.11669832646224514,0.040903487013512915,0.3505062005044796,3.2153664933343096e-05,0.03390367948442875,1054.4265966170128,0.00030983984264934956,0.008283697118674459,0.0
2026-03-24,0.06200442271970828,0.07070107268849478,0.011123061982919076,0.15732522237571564,1.7385158086504205e-05,0.015418058565841976,886.85178985003,0.0003077626217280697,0.007113529018340566,0.0
2026-03-25,0.06083518870771792,0.06742482046688547,0.0077838685494524456,0.11544515054771792,8.618927273495094e-06,0.011967263733963535,1388.4864501369257,0.00019000340965681835,0.009130102973761062,0.0
2026-03-26,0.06180922563235045,0.07490813939885842,0.015397475105581246,0.20555142911233354,2.4376377389333026e-05,0.022369565777385393,917.6739193073946,0.00030867148734118536,0.005944271307071102,0.0
2026-03-27,0.09437675628214286,0.10603126787929143,0.014324640564175537,0.13509826724398935,2.1322285377559884e-05,0.03738498836640709,1753.3293314680052,0.0003703081363998648,0.03249878648335777,0.0
2026-03-28,0.058197797986827886,0.0643025401080773,0.008562894365963952,0.13316572489316533,1.2882730399647254e-05,0.016510162511030393,1281.5732378815023,0.0001822866160608867,0.004632147144859247,0.0
2026-03-29,0.05468789528329871,0.08615626270019189,0.034796036564923666,0.40387123900682115,1.055140574262866e-05,0.012500797498737004,1184.751852374762,0.00016396495428541946,0.006741077704866615,0.0
2026-03-30,0.05613091108872432,0.05880182043752478,0.004658378070015486,0.07922166414838937,1.3913505557675024e-05,0.02022140835951728,1453.3654567279534,0.0001884698317330436,0.003783131851620964,0.0
