target_date,origin_date,mspe,mspe_x1e4,qlike,qlike_x1e_minus3
2025-03-01,2025-02-28,0.007736326675969828,77.36326675969828,-269.95374393194777,-0.26995374393194776
2025-03-02,2025-03-01,0.00873229086361678,87.32290863616781,-177.36830146033853,-0.17736830146033852
2025-03-03,2025-03-02,0.006736205479032438,67.36205479032438,-245.91379206785754,-0.24591379206785755
2025-03-04,2025-03-03,0.029391194399314233,293.91194399314236,-251.3424971949773,-0.2513424971949773
2025-03-05,2025-03-04,0.004340224628365778,43.40224628365778,-285.21668079608605,-0.28521668079608603
2025-03-06,2025-03-05,0.00398646808308301,39.8646808308301,-278.2885994160636,-0.2782885994160636
2025-03-07,2025-03-06,0.0024942212313709467,24.94221231370947,-275.2680908183535,-0.2752680908183535
2025-03-08,2025-03-07,0.005847245126029958,58.47245126029958,-294.7882906952554,-0.2947882906952554
2025-03-09,2025-03-08,0.0029658599263503475,29.658599263503476,-289.42117163141864,-0.28942117163141867
2025-03-10,2025-03-09,0.017763341455197278,177.63341455197278,-263.5184258798946,-0.2635184258798946
2025-03-11,2025-03-10,0.019625935613171674,196.25935613171674,-263.8392738006951,-0.2638392738006951
2025-03-12,2025-03-11,0.0022132309759601795,22.132309759601796,-278.0268399159621,-0.2780268399159621
2025-03-13,2025-03-12,0.00552598527921422,55.2598527921422,-284.08482686539566,-0.28408482686539566
2025-03-14,2025-03-13,0.008928593769937064,89.28593769937063,-293.4034228163596,-0.29340342281635956
2025-03-15,2025-03-14,0.010162701334417493,101.62701334417494,-297.0900228515364,-0.2970900228515364
2025-03-16,2025-03-15,0.004827153463479556,48.27153463479556,-293.76694043606494,-0.29376694043606494
2025-03-17,2025-03-16,0.006639950301734159,66.39950301734159,-278.9173627442883,-0.2789173627442883
2025-03-18,2025-03-17,0.0073721155478081385,73.72115547808139,-232.19882853147539,-0.2321988285314754
2025-03-19,2025-03-18,0.00299455776925196,29.9455776925196,-280.8228650660168,-0.2808228650660168
2025-03-20,2025-03-19,0.004469896160237038,44.69896160237038,-300.96131538608273,-0.30096131538608273
2025-03-21,2025-03-20,0.00498964409484343,49.8964409484343,-295.27983345960143,-0.29527983345960146
2025-03-22,2025-03-21,0.01421221156008889,142.12211560088892,-289.5075462426205,-0.2895075462426205
2025-03-23,2025-03-22,0.007097200681351865,70.97200681351865,-287.43579522734075,-0.28743579522734075
2025-03-24,2025-03-23,0.0029957260129361675,29.957260129361675,-288.4321674480734,-0.28843216744807343
2025-03-25,2025-03-24,0.003773689418992911,37.73689418992911,-276.71178544132863,-0.27671178544132863
2025-03-26,2025-03-25,0.0021830179609157703,21.830179609157703,-256.3732932899806,-0.2563732932899806
2025-03-27,2025-03-26,0.004926950714774113,49.26950714774114,-264.185213916663,-0.264185213916663
2025-03-28,2025-03-27,0.0013286498924963528,13.286498924963528,-292.7117683898558,-0.29271176838985585
2025-03-29,2025-03-28,0.0005823772771792712,5.823772771792712,-300.4000825226123,-0.3004000825226123
2025-03-30,2025-03-29,0.0005160373700404487,5.160373700404487,-306.2649128018156,-0.3062649128018156
2025-03-31,2025-03-30,0.001171291950004537,11.71291950004537,-287.32331552678215,-0.28732331552678214
2025-04-01,2025-03-31,0.0024483850021999876,24.483850021999874,-194.96211101525543,-0.19496211101525543
2025-04-02,2025-04-01,0.006853448232706753,68.53448232706754,-261.1802569979268,-0.2611802569979268
2025-04-03,2025-04-02,0.001502480191212669,15.02480191212669,-267.70032982068983,-0.26770032982068986
2025-04-04,2025-04-03,0.000905313290268448,9.05313290268448,-290.64561876290867,-0.2906456187629087
2025-04-05,2025-04-04,0.003577321882705206,35.773218827052055,-299.53146617572867,-0.2995314661757287
2025-04-06,2025-04-05,0.006361460785823971,63.614607858239715,-218.63385960577756,-0.21863385960577755
2025-04-07,2025-04-06,0.12708943792467256,1270.8943792467255,-180.99021883860695,-0.18099021883860694
2025-04-08,2025-04-07,0.013308671133615606,133.08671133615607,-229.11935851195642,-0.22911935851195642
2025-04-09,2025-04-08,0.023191342706892028,231.91342706892027,-112.35974057451406,-0.11235974057451406
2025-04-10,2025-04-09,0.00818801147274269,81.88011472742691,-226.12149802500664,-0.22612149802500664
2025-04-11,2025-04-10,0.006606200299077743,66.06200299077743,-244.15911589975752,-0.24415911589975753
2025-04-12,2025-04-11,0.005251439322972446,52.514393229724455,-251.31731444137512,-0.2513173144413751
2025-04-13,2025-04-12,0.001560177565582787,15.60177565582787,-279.1946835142773,-0.2791946835142773
2025-04-14,2025-04-13,0.0023870637064311914,23.870637064311914,-257.14845971603404,-0.25714845971603406
2025-04-15,2025-04-14,0.011137971217617417,111.37971217617417,-249.24325838765395,-0.24924325838765396
2025-04-16,2025-04-15,0.11213505777760598,1121.3505777760597,-205.30398390548112,-0.20530398390548113
2025-04-17,2025-04-16,0.009932445030205236,99.32445030205236,-267.1133503129353,-0.2671133503129353
2025-04-18,2025-04-17,0.004711254598978472,47.112545989784714,-280.8713995576774,-0.2808713995576774
2025-04-19,2025-04-18,0.0051346315346141175,51.346315346141175,-291.2701941265548,-0.29127019412655486
2025-04-20,2025-04-19,0.0030463315004824886,30.463315004824885,-288.8562263239458,-0.2888562263239458
2025-04-21,2025-04-20,0.0035165011486031554,35.16501148603155,-290.5710498550353,-0.29057104985503535
2025-04-22,2025-04-21,0.0019304085013994074,19.304085013994076,-277.81734676431626,-0.27781734676431624
2025-04-23,2025-04-22,0.002206287175778681,22.06287175778681,-265.3880350675371,-0.2653880350675371
2025-04-24,2025-04-23,0.004977321584523393,49.77321584523393,-273.211738189435,-0.273211738189435
2025-04-25,2025-04-24,0.002622914064832356,26.22914064832356,-271.3163951812138,-0.2713163951812138
2025-04-26,2025-04-25,0.002332462212899418,23.324622128994182,-278.4976201430119,-0.2784976201430119
2025-04-27,2025-04-26,0.002069201503929362,20.69201503929362,-287.1813009935122,-0.2871813009935122
2025-04-28,2025-04-27,0.0015875093481072925,15.875093481072925,-272.4240059188504,-0.2724240059188504
2025-04-29,2025-04-28,0.004640340013643478,46.403400136434776,-244.1811991180781,-0.2441811991180781
2025-04-30,2025-04-29,0.004376538713343153,43.76538713343153,-251.24973395304582,-0.25124973395304584
2025-05-01,2025-04-30,0.002607670620973981,26.076706209739807,-283.4809939139097,-0.2834809939139097
2025-05-02,2025-05-01,0.002324629342345765,23.24629342345765,-286.8550026118817,-0.2868550026118817
2025-05-03,2025-05-02,0.0017468225492607886,17.468225492607885,-290.77995987093095,-0.29077995987093097
2025-05-04,2025-05-03,0.0014012550976564642,14.012550976564642,-291.20249477082814,-0.29120249477082816
2025-05-05,2025-05-04,0.0012253364037764945,12.253364037764944,-292.22409988297795,-0.292224099882978
2025-05-06,2025-05-05,0.003230557415529439,32.305574155294394,-280.5122929824639,-0.28051229298246394
2025-05-07,2025-05-06,0.0014883554847797665,14.883554847797665,-294.01936181012655,-0.29401936181012656
2025-05-08,2025-05-07,0.0017982542851587972,17.982542851587972,-267.3651485565105,-0.2673651485565105
2025-05-09,2025-05-08,0.001813668251330055,18.13668251330055,-233.053065628233,-0.23305306562823302
2025-05-10,2025-05-09,0.0015749942355141322,15.749942355141322,-265.5675500678762,-0.2655675500678762
2025-05-11,2025-05-10,0.001506909717679733,15.06909717679733,-281.8648960374923,-0.2818648960374923
2025-05-12,2025-05-11,0.005593132099739962,55.93132099739962,-249.97833813493747,-0.24997833813493747
2025-05-13,2025-05-12,0.0009622266917685661,9.62226691768566,-277.583098337729,-0.277583098337729
2025-05-14,2025-05-13,0.0009608457350325525,9.608457350325525,-267.0153453095852,-0.2670153453095852
2025-05-15,2025-05-14,0.007840459841122525,78.40459841122525,-272.40214954311926,-0.27240214954311925
2025-05-16,2025-05-15,0.0006115604756899767,6.115604756899767,-296.67686995187944,-0.2966768699518794
2025-05-17,2025-05-16,0.0011129666622800248,11.129666622800249,-293.0299480296758,-0.2930299480296758
2025-05-18,2025-05-17,0.0008709496556218537,8.709496556218536,-302.37086294544554,-0.3023708629454455
2025-05-19,2025-05-18,0.00041419591058429814,4.141959105842981,-296.2166322027083,-0.29621663220270833
2025-05-20,2025-05-19,0.0008382167513769682,8.382167513769682,-308.72725534597134,-0.30872725534597134
2025-05-21,2025-05-20,0.000578474062790056,5.784740627900559,-298.740158294309,-0.29874015829430905
2025-05-22,2025-05-21,0.0015416171175170756,15.416171175170756,-299.2948459511619,-0.2992948459511619
2025-05-23,2025-05-22,0.0015758873172384187,15.758873172384186,-283.9501169752732,-0.2839501169752732
2025-05-24,2025-05-23,0.0017757100776362635,17.757100776362634,-308.7934177083737,-0.3087934177083737
2025-05-25,2025-05-24,0.000679640821487892,6.79640821487892,-306.4072893477449,-0.3064072893477449
2025-05-26,2025-05-25,0.0008927449208617254,8.927449208617254,-315.681396799641,-0.315681396799641
2025-05-27,2025-05-26,0.0006168904787803636,6.168904787803636,-309.43444878555164,-0.30943444878555165
2025-05-28,2025-05-27,0.0008182606972124554,8.182606972124555,-306.72072907239954,-0.30672072907239956
2025-05-29,2025-05-28,0.0006638656931489222,6.638656931489222,-307.2683027911554,-0.3072683027911554
2025-05-30,2025-05-29,0.005903725693221454,59.03725693221454,-264.21654291332,-0.26421654291332
2025-05-31,2025-05-30,0.0013131083119146821,13.13108311914682,-284.1536980260511,-0.28415369802605106
2025-06-01,2025-05-31,0.0017352901209368799,17.3529012093688,-302.9722197498577,-0.3029722197498577
2025-06-02,2025-06-01,0.004572025445426067,45.72025445426067,-251.18492680197664,-0.2511849268019766
2025-06-03,2025-06-02,0.0015727162375492577,15.727162375492577,-275.8597238213297,-0.27585972382132967
2025-06-04,2025-06-03,0.0007632525781167917,7.632525781167917,-309.39858051079716,-0.30939858051079716
2025-06-05,2025-06-04,0.0014337782351897465,14.337782351897465,-295.80818890305216,-0.29580818890305216
2025-06-06,2025-06-05,0.011119805648859536,111.19805648859536,-293.0750941588767,-0.2930750941588767
2025-06-07,2025-06-06,0.0027357753200187946,27.357753200187947,-314.8865374683424,-0.3148865374683424
2025-06-08,2025-06-07,0.0014204890832998785,14.204890832998785,-323.41197907629504,-0.32341197907629504
2025-06-09,2025-06-08,0.0006234988984062196,6.234988984062197,-316.0455955685006,-0.3160455955685006
2025-06-10,2025-06-09,0.0003153075176499923,3.153075176499923,-307.74294646569075,-0.3077429464656908
2025-06-11,2025-06-10,0.0003340910185862783,3.340910185862783,-307.009744516767,-0.307009744516767
2025-06-12,2025-06-11,0.0004738843436115287,4.738843436115287,-309.6873698241202,-0.3096873698241202
2025-06-13,2025-06-12,0.0011049517367163442,11.049517367163443,-305.266910271956,-0.305266910271956
2025-06-14,2025-06-13,0.0007141590461018054,7.141590461018055,-318.9642678254187,-0.3189642678254187
2025-06-15,2025-06-14,0.0006874336328448066,6.874336328448066,-328.2467734296705,-0.3282467734296705
2025-06-16,2025-06-15,0.00031536301892343284,3.1536301892343284,-316.3500701784249,-0.3163500701784249
2025-06-17,2025-06-16,0.0004364347041898852,4.364347041898852,-317.2096979817466,-0.31720969798174664
2025-06-18,2025-06-17,0.0004200245624095571,4.200245624095571,-316.92200029032705,-0.3169220002903271
2025-06-19,2025-06-18,0.0007047101648788083,7.047101648788083,-326.22954781416774,-0.32622954781416774
2025-06-20,2025-06-19,0.0013296547578137332,13.296547578137332,-297.3125104656596,-0.2973125104656596
2025-06-21,2025-06-20,0.0013546465231012513,13.546465231012514,-301.1982163661732,-0.3011982163661732
2025-06-22,2025-06-21,0.01082941732239234,108.2941732239234,-291.7143153672715,-0.29171431536727155
2025-06-23,2025-06-22,0.004933544273147544,49.335442731475446,-285.1227883655856,-0.28512278836558563
2025-06-24,2025-06-23,0.0011191280814420441,11.191280814420441,-293.77453126925593,-0.29377453126925596
2025-06-25,2025-06-24,0.000869024487920714,8.690244879207139,-304.6004062725512,-0.3046004062725512
2025-06-26,2025-06-25,0.0006058754776150741,6.0587547761507405,-313.0401244017931,-0.3130401244017931
2025-06-27,2025-06-26,0.0004827213522323815,4.827213522323815,-324.08055917361645,-0.32408055917361644
2025-06-28,2025-06-27,0.0015998002731780127,15.998002731780128,-329.54466159430314,-0.3295446615943031
2025-06-29,2025-06-28,0.0011931920194458128,11.931920194458128,-320.58976705635604,-0.32058976705635606
2025-06-30,2025-06-29,0.0006674340840350727,6.674340840350727,-327.21052555356573,-0.3272105255535657
2025-07-01,2025-06-30,0.0006945483419811142,6.945483419811143,-320.78851584704876,-0.32078851584704876
2025-07-02,2025-07-01,0.023051547442242536,230.51547442242537,-179.69085155002838,-0.1796908515500284
2025-07-03,2025-07-02,0.0020093324414119556,20.093324414119557,-307.58459048317195,-0.30758459048317194
2025-07-04,2025-07-03,0.0009568150439922946,9.568150439922945,-264.05004516829877,-0.2640500451682988
2025-07-05,2025-07-04,0.001122047235029855,11.22047235029855,-302.97890860185055,-0.30297890860185056
2025-07-06,2025-07-05,0.0007696305364205296,7.696305364205296,-310.46166449039316,-0.31046166449039314
2025-07-07,2025-07-06,0.0005115981252654566,5.115981252654565,-308.01964910186126,-0.30801964910186125
2025-07-08,2025-07-07,0.0008546060232666062,8.546060232666063,-289.9973263766684,-0.2899973263766684
2025-07-09,2025-07-08,0.00048507151755489803,4.85071517554898,-297.5220804211601,-0.29752208042116013
2025-07-10,2025-07-09,0.0002714069767457267,2.714069767457267,-301.92649704543186,-0.30192649704543184
2025-07-11,2025-07-10,0.006388872456123374,63.88872456123374,-256.99548027263313,-0.25699548027263314
2025-07-12,2025-07-11,0.08165622474765803,816.5622474765803,328.6927875184614,0.32869278751846137
2025-07-13,2025-07-12,0.002426337392813286,24.26337392813286,-187.12605673233702,-0.18712605673233704
2025-07-14,2025-07-13,0.0011182178501243133,11.182178501243133,-267.227301640879,-0.267227301640879
2025-07-15,2025-07-14,0.003987005158222788,39.87005158222788,-277.8526251836455,-0.2778526251836455
2025-07-16,2025-07-15,0.0006499758260181986,6.499758260181986,-280.57138981906877,-0.28057138981906876
2025-07-17,2025-07-16,0.0021050000562568647,21.05000056256865,-265.7040513399499,-0.2657040513399499
2025-07-18,2025-07-17,0.006258956966110241,62.58956966110241,-264.8796966790795,-0.26487969667907946
2025-07-19,2025-07-18,0.000690690851162143,6.90690851162143,-291.85689401874134,-0.2918568940187414
2025-07-20,2025-07-19,0.000913660127478966,9.13660127478966,-281.0937116137807,-0.2810937116137807
2025-07-21,2025-07-20,0.001682235957517411,16.82235957517411,-251.31413291529753,-0.25131413291529753
2025-07-22,2025-07-21,0.005559606431339078,55.596064313390784,-252.65624664528366,-0.2526562466452837
2025-07-23,2025-07-22,0.008517698284280922,85.17698284280922,-240.46945708324773,-0.24046945708324774
2025-07-24,2025-07-23,0.01857449118648047,185.7449118648047,-290.4690752783473,-0.2904690752783473
2025-07-25,2025-07-24,0.0011111726263989374,11.111726263989373,-292.89048986993646,-0.2928904898699365
2025-07-26,2025-07-25,0.0028685626329904394,28.685626329904395,-308.33637999459603,-0.308336379994596
2025-07-27,2025-07-26,0.002438704110614493,24.38704110614493,-289.4915780375571,-0.2894915780375571
2025-07-28,2025-07-27,0.001641810472974549,16.41810472974549,-301.88377079353756,-0.30188377079353756
2025-07-29,2025-07-28,0.00044467473272880167,4.4467473272880165,-301.41626008457865,-0.30141626008457867
2025-07-30,2025-07-29,0.0004744552090329199,4.744552090329199,-311.05800937190077,-0.31105800937190076
2025-07-31,2025-07-30,0.0006936837723154567,6.936837723154566,-317.08607614011527,-0.31708607614011525
2025-08-01,2025-07-31,0.0033974466181826415,33.974466181826415,-313.97131451663114,-0.31397131451663113
2025-08-02,2025-08-01,0.0002788151661650928,2.788151661650928,-317.83974996830466,-0.31783974996830466
2025-08-03,2025-08-02,0.0017884503136125643,17.884503136125645,-319.5236560417104,-0.3195236560417104
2025-08-04,2025-08-03,0.0009162552668413131,9.16255266841313,-313.06223230102745,-0.3130622323010275
2025-08-05,2025-08-04,0.0005061974632495725,5.061974632495725,-305.0999493685009,-0.30509994936850093
2025-08-06,2025-08-05,0.0005262606563344939,5.262606563344939,-321.16185953184504,-0.32116185953184506
2025-08-07,2025-08-06,0.0012482983775406618,12.482983775406618,-309.05960623420356,-0.3090596062342036
2025-08-08,2025-08-07,0.0007644631011669203,7.644631011669203,-314.0153098660564,-0.3140153098660564
2025-08-09,2025-08-08,0.0008542874405293693,8.542874405293693,-313.96617628752745,-0.31396617628752743
2025-08-10,2025-08-09,0.0001642996192793579,1.642996192793579,-308.24192519511536,-0.30824192519511534
2025-08-11,2025-08-10,0.00013376911157184584,1.3376911157184583,-319.89957439767574,-0.31989957439767575
2025-08-12,2025-08-11,0.00022982413098720933,2.2982413098720933,-317.85079024463226,-0.31785079024463225
2025-08-13,2025-08-12,0.0003372600643829366,3.372600643829366,-307.59409597396905,-0.30759409597396903
2025-08-14,2025-08-13,0.001310932614403747,13.10932614403747,-285.4503558225724,-0.28545035582257244
2025-08-15,2025-08-14,0.0004386900666677613,4.386900666677613,-302.08826612930994,-0.30208826612930995
2025-08-16,2025-08-15,0.0011952816526248997,11.952816526248997,-324.91325704165325,-0.32491325704165325
2025-08-17,2025-08-16,0.0012045861819048565,12.045861819048564,-327.3987984794942,-0.3273987984794942
2025-08-18,2025-08-17,0.0004299246211712145,4.299246211712145,-309.8165656610181,-0.3098165656610181
2025-08-19,2025-08-18,0.0003984657755738842,3.984657755738842,-317.6404282303023,-0.3176404282303023
2025-08-20,2025-08-19,0.0003170184733203356,3.1701847332033557,-320.7237292317731,-0.3207237292317731
2025-08-21,2025-08-20,0.0003840540859118343,3.840540859118343,-302.87730918953275,-0.30287730918953276
2025-08-22,2025-08-21,0.0003452335411669923,3.452335411669923,-314.5009711828597,-0.3145009711828597
2025-08-23,2025-08-22,0.0004271531118938661,4.271531118938661,-319.67922428590396,-0.31967922428590395
2025-08-24,2025-08-23,0.00039889802374108046,3.9889802374108045,-310.0815313683534,-0.3100815313683534
2025-08-25,2025-08-24,0.00024377291242330725,2.4377291242330723,-313.0488466896004,-0.3130488466896004
2025-08-26,2025-08-25,0.000993112691179798,9.93112691179798,-299.4672948737649,-0.2994672948737649
2025-08-27,2025-08-26,0.001483521994908511,14.835219949085111,-307.02837077037606,-0.30702837077037604
2025-08-28,2025-08-27,0.008099024533431424,80.99024533431424,-218.53322243643507,-0.21853322243643508
2025-08-29,2025-08-28,0.0018013629989312666,18.013629989312665,-280.48950765139006,-0.2804895076513901
2025-08-30,2025-08-29,0.0008906043219162353,8.906043219162353,-320.84664832703754,-0.3208466483270376
2025-08-31,2025-08-30,0.0009419865212419669,9.41986521241967,-309.0222292755606,-0.3090222292755606
2025-09-01,2025-08-31,0.00025957686138069005,2.5957686138069005,-322.5311353634101,-0.3225311353634101
2025-09-02,2025-09-01,0.00021951412807072105,2.1951412807072104,-316.62014149339683,-0.31662014149339684
2025-09-03,2025-09-02,0.0007094646876564,7.094646876563999,-326.3519099863484,-0.3263519099863484
2025-09-04,2025-09-03,0.0006957561974797445,6.9575619747974455,-332.5191796919675,-0.33251917969196754
2025-09-05,2025-09-04,0.0004771509442731941,4.771509442731941,-328.133744748621,-0.328133744748621
2025-09-06,2025-09-05,0.00097846326110094,9.784632611009402,-339.21434223270563,-0.33921434223270563
2025-09-07,2025-09-06,0.0009869737520173231,9.869737520173231,-338.9864678669767,-0.33898646786697667
2025-09-08,2025-09-07,0.0010041977977264377,10.041977977264377,-279.66528376389294,-0.27966528376389294
2025-09-09,2025-09-08,0.0003424625266222717,3.424625266222717,-300.7920967308103,-0.30079209673081025
2025-09-10,2025-09-09,0.0003563375169677641,3.563375169677641,-312.7292483399841,-0.3127292483399841
2025-09-11,2025-09-10,0.0006288769133927255,6.288769133927255,-307.60766905458996,-0.30760766905458997
2025-09-12,2025-09-11,0.0009085720049290044,9.085720049290044,-295.62312265393257,-0.2956231226539326
2025-09-13,2025-09-12,0.0002878682402205953,2.878682402205953,-311.03387157967063,-0.31103387157967066
2025-09-14,2025-09-13,0.0005701572179357905,5.701572179357905,-310.4511613309817,-0.31045116133098166
2025-09-15,2025-09-14,0.00027185277417028436,2.7185277417028435,-321.9829128348319,-0.3219829128348319
2025-09-16,2025-09-15,0.00032444206288576466,3.2444206288576467,-326.69279163753566,-0.3266927916375357
2025-09-17,2025-09-16,0.0004543457747335248,4.543457747335248,-326.8225017911119,-0.3268225017911119
2025-09-18,2025-09-17,0.0004057035069842038,4.057035069842038,-330.12143618433834,-0.33012143618433837
2025-09-19,2025-09-18,0.00014517551669051296,1.4517551669051296,-337.4554776097034,-0.3374554776097034
2025-09-20,2025-09-19,0.00035080477087775846,3.5080477087775845,-341.17691734854344,-0.34117691734854344
2025-09-21,2025-09-20,0.0008010217374579094,8.010217374579094,-255.94156317818124,-0.25594156317818123
2025-09-22,2025-09-21,0.0012745179362031326,12.745179362031326,-272.63772083566016,-0.2726377208356602
2025-09-23,2025-09-22,0.0005805870760857027,5.805870760857027,-313.9568894058466,-0.3139568894058466
2025-09-24,2025-09-23,0.0002147651990860165,2.1476519908601652,-324.38067691415836,-0.32438067691415834
2025-09-25,2025-09-24,0.0023525851172081645,23.525851172081644,-274.27891690847946,-0.27427891690847944
2025-09-26,2025-09-25,0.0014574616399070598,14.574616399070598,-318.04251218719986,-0.31804251218719987
2025-09-27,2025-09-26,0.00046402912487963677,4.640291248796368,-329.4860649208323,-0.3294860649208323
2025-09-28,2025-09-27,0.0003450317489603139,3.450317489603139,-339.22726745674487,-0.33922726745674486
2025-09-29,2025-09-28,0.00014897385503513858,1.4897385503513858,-323.7672356990694,-0.3237672356990694
2025-09-30,2025-09-29,0.00017917056310317252,1.7917056310317252,-317.1737953494169,-0.31717379534941686
2025-10-01,2025-09-30,0.00014469285863459607,1.4469285863459607,-323.5961699237854,-0.3235961699237854
2025-10-02,2025-10-01,0.00011378432236734145,1.1378432236734144,-328.39857546042634,-0.32839857546042633
2025-10-03,2025-10-02,0.00010661736406238913,1.0661736406238913,-333.0777359221169,-0.3330777359221169
2025-10-04,2025-10-03,0.00023064072485576466,2.3064072485576466,-337.78723610823863,-0.33778723610823863
2025-10-05,2025-10-04,0.00011603583193107047,1.1603583193107048,-336.6166867546924,-0.3366166867546924
2025-10-06,2025-10-05,0.0002600688848036636,2.6006888480366364,-333.8969726266457,-0.33389697262664575
2025-10-07,2025-10-06,0.0002262888934917162,2.2628889349171617,-334.7145070594995,-0.3347145070594995
2025-10-08,2025-10-07,0.00015990074164864604,1.5990074164864605,-327.54275223771384,-0.32754275223771384
2025-10-09,2025-10-08,0.0002843447800219307,2.8434478002193067,-309.711897266874,-0.30971189726687404
2025-10-10,2025-10-09,0.1982061532916488,1982.0615329164882,283.98759002314017,0.28398759002314017
2025-10-11,2025-10-10,0.02794468149362847,279.4468149362847,-212.57623538455903,-0.21257623538455903
2025-10-12,2025-10-11,0.0025058338989157073,25.058338989157072,-284.1337707989158,-0.28413377079891583
2025-10-13,2025-10-12,0.0003900423242003348,3.900423242003348,-294.54274410621116,-0.2945427441062112
2025-10-14,2025-10-13,0.0014818968255272777,14.818968255272777,-303.3574430191657,-0.30335744301916573
2025-10-15,2025-10-14,0.0006587846885958584,6.587846885958585,-318.2821654554304,-0.3182821654554304
2025-10-16,2025-10-15,0.0007759259034390487,7.759259034390487,-309.83436192797154,-0.30983436192797154
2025-10-17,2025-10-16,0.005254378038058158,52.54378038058158,-299.03750351643384,-0.2990375035164339
2025-10-18,2025-10-17,0.0016850864637124353,16.850864637124353,-314.7391892825223,-0.3147391892825223
2025-10-19,2025-10-18,0.0010504991708976193,10.504991708976194,-299.41136057440934,-0.29941136057440937
2025-10-20,2025-10-19,0.002985577087045251,29.85577087045251,-269.26118055597885,-0.26926118055597886
2025-10-21,2025-10-20,0.0005195693079743751,5.195693079743751,-306.80933174391635,-0.30680933174391634
2025-10-22,2025-10-21,0.0006610904632243981,6.610904632243981,-316.3448955586182,-0.3163448955586182
2025-10-23,2025-10-22,0.0015824324703050305,15.824324703050305,-319.7399865546847,-0.3197399865546847
2025-10-24,2025-10-23,0.0012074059751677733,12.074059751677733,-314.2139865323072,-0.3142139865323072
2025-10-25,2025-10-24,0.0030900365064619904,30.900365064619905,-322.5231760163313,-0.32252317601633135
2025-10-26,2025-10-25,0.002758550763067029,27.58550763067029,-271.3582515396803,-0.2713582515396803
2025-10-27,2025-10-26,0.0014666134598820305,14.666134598820305,-272.0288816114751,-0.2720288816114751
2025-10-28,2025-10-27,0.0011082382757219992,11.082382757219992,-265.83722330629325,-0.2658372233062933
2025-10-29,2025-10-28,0.00024087660316033445,2.4087660316033443,-310.47589806880933,-0.3104758980688093
2025-10-30,2025-10-29,0.0002946556766936122,2.946556766936122,-298.02589686007065,-0.29802589686007064
2025-10-31,2025-10-30,0.0005101520065650864,5.101520065650864,-305.800376555261,-0.305800376555261
2025-11-01,2025-10-31,0.001688023767914275,16.88023767914275,-313.60953140396265,-0.31360953140396264
2025-11-02,2025-11-01,0.0007541885783266397,7.541885783266396,-313.270381799298,-0.313270381799298
2025-11-03,2025-11-02,0.005556195829990033,55.56195829990033,-266.2853422865589,-0.26628534228655887
2025-11-04,2025-11-03,0.0924843778056802,924.843778056802,-236.33782573718577,-0.23633782573718576
2025-11-05,2025-11-04,0.004326749375027073,43.26749375027073,-294.1139572025363,-0.2941139572025363
2025-11-06,2025-11-05,0.0041164571602700355,41.164571602700356,-232.7129272743723,-0.23271292727437232
2025-11-07,2025-11-06,0.004568325767849615,45.683257678496155,-280.48298613357423,-0.28048298613357425
2025-11-08,2025-11-07,0.0004981328833438502,4.981328833438502,-293.9744464441341,-0.2939744464441341
2025-11-09,2025-11-08,0.0004213029434352949,4.213029434352949,-301.19521060950007,-0.30119521060950005
2025-11-10,2025-11-09,0.0003711838326331387,3.711838326331387,-302.9080803072026,-0.3029080803072026
2025-11-11,2025-11-10,0.0029106080841936016,29.106080841936016,-251.11317413860024,-0.25111317413860024
2025-11-12,2025-11-11,0.000630104499613802,6.30104499613802,-291.38083021825526,-0.2913808302182553
2025-11-13,2025-11-12,0.0004899215950504973,4.899215950504973,-298.2874394889883,-0.2982874394889883
2025-11-14,2025-11-13,0.0028104952052509127,28.104952052509127,-295.72953422053064,-0.29572953422053067
2025-11-15,2025-11-14,0.002165745452067951,21.657454520679508,-319.07120731339353,-0.31907120731339356
2025-11-16,2025-11-15,0.0008349451727806688,8.349451727806688,-299.39184922773893,-0.2993918492277389
2025-11-17,2025-11-16,0.0009007012808145516,9.007012808145516,-297.3379764713416,-0.29733797647134164
2025-11-18,2025-11-17,0.0008532479621301042,8.532479621301043,-299.5756610342709,-0.2995756610342709
2025-11-19,2025-11-18,0.000463622373247675,4.636223732476751,-309.218721891957,-0.309218721891957
2025-11-20,2025-11-19,0.0003051765765737022,3.051765765737022,-292.32195236216904,-0.29232195236216907
2025-11-21,2025-11-20,0.029961159513530154,299.6115951353015,-260.10803362606396,-0.26010803362606394
2025-11-22,2025-11-21,0.0011689220664860317,11.689220664860317,-276.7228523358958,-0.27672285233589583
2025-11-23,2025-11-22,0.0031380579778699036,31.380579778699037,-265.83759755033674,-0.26583759755033676
2025-11-24,2025-11-23,0.0017437387917278665,17.437387917278667,-279.124493531049,-0.279124493531049
2025-11-25,2025-11-24,0.0015853708968418647,15.853708968418646,-292.1476433091092,-0.2921476433091092
2025-11-26,2025-11-25,0.0027034389418558137,27.03438941855814,-306.6502256372941,-0.3066502256372941
2025-11-27,2025-11-26,0.0060978883583856485,60.978883583856486,-213.1185217664798,-0.2131185217664798
2025-11-28,2025-11-27,0.004047612946477341,40.47612946477341,-238.4045071469269,-0.2384045071469269
2025-11-29,2025-11-28,0.003991215762924092,39.91215762924092,-279.7670852047192,-0.2797670852047192
2025-11-30,2025-11-29,0.003010427193536865,30.10427193536865,-282.4204165150104,-0.28242041651501043
2025-12-01,2025-11-30,0.0006164273292099348,6.164273292099348,-273.4312680029911,-0.2734312680029911
2025-12-02,2025-12-01,0.0007830730695305449,7.830730695305449,-276.07777686555266,-0.2760777768655527
2025-12-03,2025-12-02,0.001138217303849723,11.382173038497228,-290.381578110076,-0.29038157811007603
2025-12-04,2025-12-03,0.0011263424538130872,11.263424538130872,-307.7990598752283,-0.3077990598752283
2025-12-05,2025-12-04,0.0003020063443426082,3.020063443426082,-300.3607219745934,-0.3003607219745934
2025-12-06,2025-12-05,0.0022252153566791693,22.252153566791694,-310.58171182065325,-0.31058171182065325
2025-12-07,2025-12-06,0.0006397991863509544,6.397991863509544,-299.03858435608214,-0.29903858435608216
2025-12-08,2025-12-07,0.0010000878093472613,10.000878093472613,-305.2946346675855,-0.3052946346675855
2025-12-09,2025-12-08,0.000317497806967375,3.17497806967375,-303.8093918046119,-0.3038093918046119
2025-12-10,2025-12-09,0.0005875654942794535,5.875654942794535,-306.52567231958795,-0.30652567231958794
2025-12-11,2025-12-10,0.00032026515989998125,3.2026515989998123,-307.4372534936337,-0.3074372534936337
2025-12-12,2025-12-11,0.0003106347759781213,3.106347759781213,-309.74946602660424,-0.30974946602660425
2025-12-13,2025-12-12,0.002689343799103067,26.89343799103067,-261.21742047081216,-0.26121742047081214
2025-12-14,2025-12-13,0.0016712782776903516,16.712782776903516,-300.86660300233626,-0.30086660300233625
2025-12-15,2025-12-14,0.00028890022557077563,2.8890022557077564,-296.73248252116923,-0.29673248252116924
2025-12-16,2025-12-15,0.0004536463235426221,4.536463235426221,-298.16911977153114,-0.29816911977153115
2025-12-17,2025-12-16,0.001361335127916329,13.61335127916329,-292.1734902374915,-0.2921734902374915
2025-12-18,2025-12-17,0.0011822684934326513,11.822684934326514,-293.4018417156082,-0.29340184171560824
2025-12-19,2025-12-18,0.000649900552403646,6.49900552403646,-297.1501629296457,-0.29715016292964574
2025-12-20,2025-12-19,0.007537770269709442,75.37770269709442,-275.1081623015531,-0.2751081623015531
2025-12-21,2025-12-20,0.000758911495624432,7.5891149562443205,-294.6719718022505,-0.29467197180225047
2025-12-22,2025-12-21,0.0012941154824193998,12.941154824193998,-307.85290957782195,-0.30785290957782196
2025-12-23,2025-12-22,0.0009553822869675177,9.553822869675177,-309.14971903245294,-0.3091497190324529
2025-12-24,2025-12-23,0.0012552041122957484,12.552041122957485,-308.74973175002907,-0.30874973175002907
2025-12-25,2025-12-24,0.0006243030356873767,6.243030356873766,-308.6882578333934,-0.3086882578333934
2025-12-26,2025-12-25,0.0003931848282104621,3.931848282104621,-315.0676568055653,-0.3150676568055653
2025-12-27,2025-12-26,0.0011534084014298166,11.534084014298166,-282.1229174205988,-0.2821229174205988
2025-12-28,2025-12-27,0.001302669381896215,13.02669381896215,-287.0981176085206,-0.2870981176085206
2025-12-29,2025-12-28,0.004928612618971603,49.28612618971603,-270.9130457185403,-0.2709130457185403
2025-12-30,2025-12-29,0.0006956679812751159,6.956679812751159,-309.3503795888671,-0.30935037958886713
2025-12-31,2025-12-30,0.0013725510224665248,13.725510224665248,-271.5259199305123,-0.27152591993051234
2026-01-01,2025-12-31,0.001325138502052917,13.25138502052917,-298.0650711490339,-0.2980650711490339
2026-01-02,2026-01-01,0.000692635366360481,6.926353663604811,-280.93294561826207,-0.2809329456182621
2026-01-03,2026-01-02,0.00027870571426080726,2.787057142608073,-302.82598018335386,-0.3028259801833539
2026-01-04,2026-01-03,0.0006336503892994878,6.336503892994878,-293.35671217223387,-0.29335671217223386
2026-01-05,2026-01-04,0.0006370149463801269,6.370149463801269,-273.1279906768042,-0.2731279906768042
2026-01-06,2026-01-05,0.001428058899615678,14.28058899615678,-285.65018636610205,-0.28565018636610207
2026-01-07,2026-01-06,0.002437105975741161,24.371059757411608,-261.61201159806717,-0.2616120115980672
2026-01-08,2026-01-07,0.001001946118254125,10.01946118254125,-291.31941841694663,-0.29131941841694664
2026-01-09,2026-01-08,0.00029910618705428807,2.9910618705428806,-305.5122398659879,-0.3055122398659879
2026-01-10,2026-01-09,0.0010428898233282515,10.428898233282515,-304.8322801010933,-0.3048322801010933
2026-01-11,2026-01-10,0.00046766797213107264,4.676679721310727,-319.3349551596025,-0.3193349551596025
2026-01-12,2026-01-11,0.0002869364657892544,2.869364657892544,-317.1791627154879,-0.3171791627154879
2026-01-13,2026-01-12,0.0004196647828947034,4.196647828947034,-282.85045710899334,-0.28285045710899337
2026-01-14,2026-01-13,0.0005829538107517099,5.829538107517099,-266.5266854222268,-0.26652668542222685
2026-01-15,2026-01-14,0.0005064490931296817,5.064490931296817,-299.9511130902823,-0.29995111309028233
2026-01-16,2026-01-15,0.0005232105130961779,5.232105130961779,-305.3316559258564,-0.3053316559258564
2026-01-17,2026-01-16,0.003044099337185558,30.44099337185558,-295.8635140463716,-0.2958635140463716
2026-01-18,2026-01-17,0.0034205011030515094,34.205011030515095,-267.0017253355725,-0.2670017253355725
2026-01-19,2026-01-18,0.0004726423604505618,4.7264236045056185,-302.0657996772667,-0.3020657996772667
2026-01-20,2026-01-19,0.0005821338478555964,5.821338478555964,-301.48778295136407,-0.3014877829513641
2026-01-21,2026-01-20,0.004585186115043247,45.85186115043247,-286.7059853608263,-0.28670598536082625
2026-01-22,2026-01-21,0.0003312705921177856,3.312705921177856,-311.1220025663353,-0.3111220025663353
2026-01-23,2026-01-22,0.000313611075052161,3.1361107505216097,-310.5273233295987,-0.3105273233295987
2026-01-24,2026-01-23,0.00095105232599433,9.5105232599433,-319.5196888309953,-0.3195196888309953
2026-01-25,2026-01-24,0.01764877445539388,176.48774455393882,-137.93486406925754,-0.13793486406925753
2026-01-26,2026-01-25,0.0013700315404430996,13.700315404430997,-291.3927188083057,-0.2913927188083057
2026-01-27,2026-01-26,0.0003858294191252575,3.8582941912525754,-283.78199338670066,-0.2837819933867007
2026-01-28,2026-01-27,0.00036005475362929195,3.6005475362929196,-309.0577566250284,-0.3090577566250284
2026-01-29,2026-01-28,0.0006293567823968011,6.293567823968011,-294.98759339852097,-0.294987593398521
2026-01-30,2026-01-29,0.003783421980457762,37.83421980457762,-298.79661033132334,-0.2987966103313233
2026-01-31,2026-01-30,0.026125327340518943,261.2532734051894,-153.4317155944803,-0.1534317155944803
2026-02-01,2026-01-31,0.03882849308215728,388.2849308215728,-66.90430919105944,-0.06690430919105944
2026-02-02,2026-02-01,0.009840880440477137,98.40880440477137,-268.2218608662722,-0.2682218608662722
2026-02-03,2026-02-02,0.009348011709271919,93.48011709271918,-261.1081512811737,-0.2611081512811737
2026-02-04,2026-02-03,0.001240997477336573,12.40997477336573,-287.39185543935736,-0.28739185543935736
2026-02-05,2026-02-04,0.03411166150519821,341.11661505198214,-253.51096786651976,-0.2535109678665198
2026-02-06,2026-02-05,0.03348338170043995,334.83381700439946,-224.27213947082265,-0.22427213947082267
2026-02-07,2026-02-06,0.0028330055185563515,28.330055185563516,-267.77907507520666,-0.26777907507520665
2026-02-08,2026-02-07,0.0014913476517485612,14.913476517485613,-293.61275429835223,-0.2936127542983522
2026-02-09,2026-02-08,0.004440163349992006,44.40163349992007,-226.1199509572643,-0.2261199509572643
2026-02-10,2026-02-09,0.0043119710769485954,43.119710769485955,-280.2033120348259,-0.2802033120348259
2026-02-11,2026-02-10,0.0017649568152781293,17.649568152781292,-281.59336879719416,-0.28159336879719415
2026-02-12,2026-02-11,0.014531505695155145,145.31505695155144,-195.00739927428424,-0.19500739927428423
2026-02-13,2026-02-12,0.0026083610989373267,26.083610989373266,-274.71586715463826,-0.27471586715463825
2026-02-14,2026-02-13,0.007448686637171739,74.4868663717174,-224.57008961987944,-0.22457008961987945
2026-02-15,2026-02-14,0.0010608478737364735,10.608478737364736,-267.0723736329461,-0.2670723736329461
2026-02-16,2026-02-15,0.0010615624704088705,10.615624704088706,-291.77097515301017,-0.2917709751530102
2026-02-17,2026-02-16,0.0014830886402409742,14.830886402409742,-297.22461894910583,-0.29722461894910585
2026-02-18,2026-02-17,0.002265093670876997,22.65093670876997,-293.8022916911438,-0.2938022916911438
2026-02-19,2026-02-18,0.0018556684873071757,18.556684873071756,-293.5501031031131,-0.2935501031031131
2026-02-20,2026-02-19,0.0006717051197992576,6.717051197992577,-292.81862571075595,-0.29281862571075595
2026-02-21,2026-02-20,0.0028616442244402823,28.616442244402823,-300.6588598096872,-0.3006588598096872
2026-02-22,2026-02-21,0.0021036712014659955,21.036712014659955,-306.29129526609466,-0.30629129526609467
2026-02-23,2026-02-22,0.0003093470588192086,3.0934705881920856,-292.8151097329498,-0.2928151097329498
2026-02-24,2026-02-23,0.0007609776459834715,7.609776459834715,-292.7935747522946,-0.2927935747522946
2026-02-25,2026-02-24,0.0006995598458169039,6.995598458169039,-274.99994818024334,-0.27499994818024337
2026-02-26,2026-02-25,0.00031833223375795624,3.1833223375795625,-290.6826460862329,-0.29068264608623295
2026-02-27,2026-02-26,0.0024786062920426574,24.786062920426573,-269.1688574083557,-0.26916885740835567
2026-02-28,2026-02-27,0.004174438971277902,41.74438971277902,-292.67232465094907,-0.29267232465094906
2026-03-01,2026-02-28,0.0014747634380915232,14.747634380915231,-301.79716616737124,-0.30179716616737123
2026-03-02,2026-03-01,0.0007114483360279207,7.114483360279207,-281.4341886321248,-0.2814341886321248
2026-03-03,2026-03-02,0.000503689269546481,5.03689269546481,-298.1180306288248,-0.2981180306288248
2026-03-04,2026-03-03,0.0008473003457109528,8.473003457109527,-283.73512783543543,-0.2837351278354354
2026-03-05,2026-03-04,0.00040342332566657105,4.03423325666571,-308.6933884742329,-0.3086933884742329
2026-03-06,2026-03-05,0.0010787861087063959,10.787861087063959,-311.84739455143557,-0.31184739455143556
2026-03-07,2026-03-06,0.0022638173845315394,22.638173845315393,-308.5615550440167,-0.3085615550440167
2026-03-08,2026-03-07,0.0007076200679001995,7.076200679001995,-312.5714402660358,-0.3125714402660358
2026-03-09,2026-03-08,0.0006164829530111232,6.1648295301112315,-309.1984882978143,-0.3091984882978143
2026-03-10,2026-03-09,0.0005366437608165047,5.366437608165047,-304.75916463016324,-0.3047591646301632
2026-03-11,2026-03-10,0.0011048590748765116,11.048590748765116,-307.8010588609027,-0.3078010588609027
2026-03-12,2026-03-11,0.0011483098200527069,11.483098200527069,-317.95755162528906,-0.31795755162528905
2026-03-13,2026-03-12,0.00044623021493101313,4.462302149310132,-303.97001928354456,-0.30397001928354456
2026-03-14,2026-03-13,0.0014181414746718896,14.181414746718897,-311.05178338152143,-0.31105178338152145
2026-03-15,2026-03-14,0.0012703724943864745,12.703724943864746,-288.59232466743435,-0.28859232466743434
2026-03-16,2026-03-15,0.000601034911137258,6.010349111372579,-281.62487467785456,-0.2816248746778546
2026-03-17,2026-03-16,0.002026105424369481,20.261054243694808,-250.91183487162115,-0.25091183487162116
2026-03-18,2026-03-17,0.00061107533743946,6.1107533743946005,-285.18250170798285,-0.28518250170798287
2026-03-19,2026-03-18,0.00034351025721267254,3.4351025721267257,-307.5382738881824,-0.3075382738881824
2026-03-20,2026-03-19,0.0004915186825253792,4.915186825253793,-314.36385843388683,-0.31436385843388687
2026-03-21,2026-03-20,0.0013105339590487707,13.105339590487707,-318.8513211611584,-0.31885132116115844
2026-03-22,2026-03-21,0.00044372246813468034,4.4372246813468035,-321.33374623268486,-0.32133374623268485
2026-03-23,2026-03-22,0.00012191628789931215,1.2191628789931215,-306.1960310694941,-0.3061960310694941
2026-03-24,2026-03-23,0.000558271347309571,5.58271347309571,-303.48190840398917,-0.3034819084039892
2026-03-25,2026-03-24,0.0006138278366034993,6.138278366034993,-310.83898172197433,-0.31083898172197433
2026-03-26,2026-03-25,0.00020610831839146184,2.061083183914618,-309.7732012015107,-0.3097732012015107
2026-03-27,2026-03-26,0.0012387492974544753,12.387492974544752,-283.473279894205,-0.283473279894205
2026-03-28,2026-03-27,0.00030252672278543167,3.0252672278543167,-314.4586594518099,-0.31445865945180995
2026-03-29,2026-03-28,0.0004242546701756154,4.2425467017561544,-312.97507771558907,-0.3129750777155891
2026-03-30,2026-03-29,0.00016431122934914768,1.6431122934914768,-317.048551663713,-0.317048551663713
